"Item","Sheet","Reference","Category","Function","Electrical Role","Quantity","Manufacturer","Manufacturer Part Number","Description","Value","Package","Mounting Style","Operating Voltage","Maximum Current","Rating or Tolerance","Temperature Range","Lifecycle Status","RoHS Status","Availability","Preferred Vendor","Alternate Vendor","Second Source","Selection Rationale","Criticality","Unit Cost 1","Unit Cost 100","Unit Cost 1000","Currency","Freeze Status","Risk","Approved Alternate","Do Not Substitute","Datasheet URL","Hardware Revision","Notes"
"01_Power_Entry/C1","01_Power_Entry","C1","Passives","100 nF","IPC100:C","1","UNRESOLVED","UNRESOLVED - CSR-01 BLOCKED","100 nF","100 nF","UNRESOLVED","UNRESOLVED","Requires exact-part review","Requires exact-part review","As captured where stated; package/derating unresolved","UNRESOLVED","NOT REVIEWED","NOT REVIEWED","NOT REVIEWED","UNRESOLVED","UNRESOLVED","UNRESOLVED","No frozen MPN; prerequisite electrical/mechanical contract or exact-device audit remains open.","Normal","","","","","BLOCKED","Do not source or assign a footprint from this row.","","YES","","Rev A","As-captured inventory only. CSR-01 did not freeze this item."
"01_Power_Entry/C2","01_Power_Entry","C2","Passives","100 nF 50 V","IPC100:C","1","UNRESOLVED","UNRESOLVED - CSR-01 BLOCKED","100 nF 50 V","100 nF 50 V","UNRESOLVED","UNRESOLVED","Requires exact-part review","Requires exact-part review","As captured where stated; package/derating unresolved","UNRESOLVED","NOT REVIEWED","NOT REVIEWED","NOT REVIEWED","UNRESOLVED","UNRESOLVED","UNRESOLVED","No frozen MPN; prerequisite electrical/mechanical contract or exact-device audit remains open.","Normal","","","","","BLOCKED","Do not source or assign a footprint from this row.","","YES","","Rev A","As-captured inventory only. CSR-01 did not freeze this item."
"01_Power_Entry/C3","01_Power_Entry","C3","Passives","22 µF 50 V","IPC100:C","1","UNRESOLVED","UNRESOLVED - CSR-01 BLOCKED","22 µF 50 V","22 µF 50 V","UNRESOLVED","UNRESOLVED","Requires exact-part review","Requires exact-part review","As captured where stated; package/derating unresolved","UNRESOLVED","NOT REVIEWED","NOT REVIEWED","NOT REVIEWED","UNRESOLVED","UNRESOLVED","UNRESOLVED","No frozen MPN; prerequisite electrical/mechanical contract or exact-device audit remains open.","Normal","","","","","BLOCKED","Do not source or assign a footprint from this row.","","YES","","Rev A","As-captured inventory only. CSR-01 did not freeze this item."
"01_Power_Entry/C4","01_Power_Entry","C4","Passives","22 µF 50 V","IPC100:C","1","UNRESOLVED","UNRESOLVED - CSR-01 BLOCKED","22 µF 50 V","22 µF 50 V","UNRESOLVED","UNRESOLVED","Requires exact-part review","Requires exact-part review","As captured where stated; package/derating unresolved","UNRESOLVED","NOT REVIEWED","NOT REVIEWED","NOT REVIEWED","UNRESOLVED","UNRESOLVED","UNRESOLVED","No frozen MPN; prerequisite electrical/mechanical contract or exact-device audit remains open.","Normal","","","","","BLOCKED","Do not source or assign a footprint from this row.","","YES","","Rev A","As-captured inventory only. CSR-01 did not freeze this item."
"01_Power_Entry/C5","01_Power_Entry","C5","Passives","100 nF","IPC100:C","1","UNRESOLVED","UNRESOLVED - CSR-01 BLOCKED","100 nF","100 nF","UNRESOLVED","UNRESOLVED","Requires exact-part review","Requires exact-part review","As captured where stated; package/derating unresolved","UNRESOLVED","NOT REVIEWED","NOT REVIEWED","NOT REVIEWED","UNRESOLVED","UNRESOLVED","UNRESOLVED","No frozen MPN; prerequisite electrical/mechanical contract or exact-device audit remains open.","Normal","","","","","BLOCKED","Do not source or assign a footprint from this row.","","YES","","Rev A","As-captured inventory only. CSR-01 did not freeze this item."
"01_Power_Entry/C6","01_Power_Entry","C6","Passives","1 µF 10 V","IPC100:C","1","UNRESOLVED","UNRESOLVED - CSR-01 BLOCKED","1 µF 10 V","1 µF 10 V","UNRESOLVED","UNRESOLVED","Requires exact-part review","Requires exact-part review","As captured where stated; package/derating unresolved","UNRESOLVED","NOT REVIEWED","NOT REVIEWED","NOT REVIEWED","UNRESOLVED","UNRESOLVED","UNRESOLVED","No frozen MPN; prerequisite electrical/mechanical contract or exact-device audit remains open.","Normal","","","","","BLOCKED","Do not source or assign a footprint from this row.","","YES","","Rev A","As-captured inventory only. CSR-01 did not freeze this item."
"01_Power_Entry/C7","01_Power_Entry","C7","Passives","10 µF 10 V","IPC100:C","1","UNRESOLVED","UNRESOLVED - CSR-01 BLOCKED","10 µF 10 V","10 µF 10 V","UNRESOLVED","UNRESOLVED","Requires exact-part review","Requires exact-part review","As captured where stated; package/derating unresolved","UNRESOLVED","NOT REVIEWED","NOT REVIEWED","NOT REVIEWED","UNRESOLVED","UNRESOLVED","UNRESOLVED","No frozen MPN; prerequisite electrical/mechanical contract or exact-device audit remains open.","Normal","","","","","BLOCKED","Do not source or assign a footprint from this row.","","YES","","Rev A","As-captured inventory only. CSR-01 did not freeze this item."
"01_Power_Entry/C8","01_Power_Entry","C8","Passives","10 nF","IPC100:C","1","UNRESOLVED","UNRESOLVED - CSR-01 BLOCKED","10 nF","10 nF","UNRESOLVED","UNRESOLVED","Requires exact-part review","Requires exact-part review","As captured where stated; package/derating unresolved","UNRESOLVED","NOT REVIEWED","NOT REVIEWED","NOT REVIEWED","UNRESOLVED","UNRESOLVED","UNRESOLVED","No frozen MPN; prerequisite electrical/mechanical contract or exact-device audit remains open.","Normal","","","","","BLOCKED","Do not source or assign a footprint from this row.","","YES","","Rev A","As-captured inventory only. CSR-01 did not freeze this item."
"01_Power_Entry/C9","01_Power_Entry","C9","Passives","100 nF 50 V","IPC100:C","1","UNRESOLVED","UNRESOLVED - CSR-01 BLOCKED","100 nF 50 V","100 nF 50 V","UNRESOLVED","UNRESOLVED","Requires exact-part review","Requires exact-part review","As captured where stated; package/derating unresolved","UNRESOLVED","NOT REVIEWED","NOT REVIEWED","NOT REVIEWED","UNRESOLVED","UNRESOLVED","UNRESOLVED","No frozen MPN; prerequisite electrical/mechanical contract or exact-device audit remains open.","Normal","","","","","BLOCKED","Do not source or assign a footprint from this row.","","YES","","Rev A","As-captured inventory only. CSR-01 did not freeze this item."
"01_Power_Entry/D1","01_Power_Entry","D1","Protection","SMBJ33A-class TVS (provisional)","IPC100:D","1","UNRESOLVED","UNRESOLVED - CSR-01 BLOCKED","SMBJ33A-class TVS (provisional)","SMBJ33A-class TVS (provisional)","UNRESOLVED","UNRESOLVED","Requires exact-part review","Requires exact-part review","As captured where stated; package/derating unresolved","UNRESOLVED","NOT REVIEWED","NOT REVIEWED","NOT REVIEWED","UNRESOLVED","UNRESOLVED","UNRESOLVED","No frozen MPN; prerequisite electrical/mechanical contract or exact-device audit remains open.","Major","","","","","BLOCKED","Do not source or assign a footprint from this row.","","YES","","Rev A","As-captured inventory only. CSR-01 did not freeze this item."
"01_Power_Entry/D2","01_Power_Entry","D2","Protection","4.7 V Zener","IPC100:D","1","UNRESOLVED","UNRESOLVED - CSR-01 BLOCKED","4.7 V Zener","4.7 V Zener","UNRESOLVED","UNRESOLVED","Requires exact-part review","Requires exact-part review","As captured where stated; package/derating unresolved","UNRESOLVED","NOT REVIEWED","NOT REVIEWED","NOT REVIEWED","UNRESOLVED","UNRESOLVED","UNRESOLVED","No frozen MPN; prerequisite electrical/mechanical contract or exact-device audit remains open.","Major","","","","","BLOCKED","Do not source or assign a footprint from this row.","","YES","","Rev A","As-captured inventory only. CSR-01 did not freeze this item."
"01_Power_Entry/D3","01_Power_Entry","D3","Protection","Low-leakage ADC clamp (TBD exact)","IPC100:D","1","UNRESOLVED","UNRESOLVED - CSR-01 BLOCKED","Low-leakage ADC clamp (TBD exact)","Low-leakage ADC clamp (TBD exact)","UNRESOLVED","UNRESOLVED","Requires exact-part review","Requires exact-part review","As captured where stated; package/derating unresolved","UNRESOLVED","NOT REVIEWED","NOT REVIEWED","NOT REVIEWED","UNRESOLVED","UNRESOLVED","UNRESOLVED","No frozen MPN; prerequisite electrical/mechanical contract or exact-device audit remains open.","Major","","","","","BLOCKED","Do not source or assign a footprint from this row.","","YES","","Rev A","As-captured inventory only. CSR-01 did not freeze this item."
"01_Power_Entry/D4","01_Power_Entry","D4","Protection","5 V VBUS TVS/ESD (TBD exact)","IPC100:D","1","UNRESOLVED","UNRESOLVED - CSR-01 BLOCKED","5 V VBUS TVS/ESD (TBD exact)","5 V VBUS TVS/ESD (TBD exact)","UNRESOLVED","UNRESOLVED","Requires exact-part review","Requires exact-part review","As captured where stated; package/derating unresolved","UNRESOLVED","NOT REVIEWED","NOT REVIEWED","NOT REVIEWED","UNRESOLVED","UNRESOLVED","UNRESOLVED","No frozen MPN; prerequisite electrical/mechanical contract or exact-device audit remains open.","Major","","","","","BLOCKED","Do not source or assign a footprint from this row.","","YES","","Rev A","As-captured inventory only. CSR-01 did not freeze this item."
"01_Power_Entry/F1","01_Power_Entry","F1","Protection","2 A time-delay (provisional)","IPC100:FUSE","1","UNRESOLVED","UNRESOLVED - CSR-01 BLOCKED","2 A time-delay (provisional)","2 A time-delay (provisional)","UNRESOLVED","UNRESOLVED","Requires exact-part review","Requires exact-part review","As captured where stated; package/derating unresolved","UNRESOLVED","NOT REVIEWED","NOT REVIEWED","NOT REVIEWED","UNRESOLVED","UNRESOLVED","UNRESOLVED","No frozen MPN; prerequisite electrical/mechanical contract or exact-device audit remains open.","Major","","","","","BLOCKED","Do not source or assign a footprint from this row.","","YES","","Rev A","As-captured inventory only. CSR-01 did not freeze this item."
"01_Power_Entry/L1","01_Power_Entry","L1","Passives","10 µH, ≥3 A, ≤100 mΩ (TBD exact)","IPC100:L","1","UNRESOLVED","UNRESOLVED - CSR-01 BLOCKED","10 µH, ≥3 A, ≤100 mΩ (TBD exact)","10 µH, ≥3 A, ≤100 mΩ (TBD exact)","UNRESOLVED","UNRESOLVED","Requires exact-part review","Requires exact-part review","As captured where stated; package/derating unresolved","UNRESOLVED","NOT REVIEWED","NOT REVIEWED","NOT REVIEWED","UNRESOLVED","UNRESOLVED","UNRESOLVED","No frozen MPN; prerequisite electrical/mechanical contract or exact-device audit remains open.","Normal","","","","","BLOCKED","Do not source or assign a footprint from this row.","","YES","","Rev A","As-captured inventory only. CSR-01 did not freeze this item."
"01_Power_Entry/Q1","01_Power_Entry","Q1","MOSFETs","60 V N-FET, ≤20 mΩ (TBD exact)","IPC100:NMOS","1","UNRESOLVED","UNRESOLVED - CSR-01 BLOCKED","60 V N-FET, ≤20 mΩ (TBD exact)","60 V N-FET, ≤20 mΩ (TBD exact)","UNRESOLVED","UNRESOLVED","Requires exact-part review","Requires exact-part review","As captured where stated; package/derating unresolved","UNRESOLVED","NOT REVIEWED","NOT REVIEWED","NOT REVIEWED","UNRESOLVED","UNRESOLVED","UNRESOLVED","No frozen MPN; prerequisite electrical/mechanical contract or exact-device audit remains open.","Normal","","","","","BLOCKED","Do not source or assign a footprint from this row.","","YES","","Rev A","As-captured inventory only. CSR-01 did not freeze this item."
"01_Power_Entry/Q2","01_Power_Entry","Q2","MOSFETs","2N7002, 60 V","IPC100:NMOS","1","UNRESOLVED","UNRESOLVED - CSR-01 BLOCKED","2N7002, 60 V","2N7002, 60 V","UNRESOLVED","UNRESOLVED","Requires exact-part review","Requires exact-part review","As captured where stated; package/derating unresolved","UNRESOLVED","NOT REVIEWED","NOT REVIEWED","NOT REVIEWED","UNRESOLVED","UNRESOLVED","UNRESOLVED","No frozen MPN; prerequisite electrical/mechanical contract or exact-device audit remains open.","Normal","","","","","BLOCKED","Do not source or assign a footprint from this row.","","YES","","Rev A","As-captured inventory only. CSR-01 did not freeze this item."
"01_Power_Entry/R1","01_Power_Entry","R1","Passives","634 kΩ 1%","IPC100:R","1","UNRESOLVED","UNRESOLVED - CSR-01 BLOCKED","634 kΩ 1%","634 kΩ 1%","UNRESOLVED","UNRESOLVED","Requires exact-part review","Requires exact-part review","As captured where stated; package/derating unresolved","UNRESOLVED","NOT REVIEWED","NOT REVIEWED","NOT REVIEWED","UNRESOLVED","UNRESOLVED","UNRESOLVED","No frozen MPN; prerequisite electrical/mechanical contract or exact-device audit remains open.","Normal","","","","","BLOCKED","Do not source or assign a footprint from this row.","","YES","","Rev A","As-captured inventory only. CSR-01 did not freeze this item."
"01_Power_Entry/R10","01_Power_Entry","R10","Passives","1.00 kΩ 1%","IPC100:R","1","UNRESOLVED","UNRESOLVED - CSR-01 BLOCKED","1.00 kΩ 1%","1.00 kΩ 1%","UNRESOLVED","UNRESOLVED","Requires exact-part review","Requires exact-part review","As captured where stated; package/derating unresolved","UNRESOLVED","NOT REVIEWED","NOT REVIEWED","NOT REVIEWED","UNRESOLVED","UNRESOLVED","UNRESOLVED","No frozen MPN; prerequisite electrical/mechanical contract or exact-device audit remains open.","Normal","","","","","BLOCKED","Do not source or assign a footprint from this row.","","YES","","Rev A","As-captured inventory only. CSR-01 did not freeze this item."
"01_Power_Entry/R11","01_Power_Entry","R11","Passives","100 kΩ","IPC100:R","1","UNRESOLVED","UNRESOLVED - CSR-01 BLOCKED","100 kΩ","100 kΩ","UNRESOLVED","UNRESOLVED","Requires exact-part review","Requires exact-part review","As captured where stated; package/derating unresolved","UNRESOLVED","NOT REVIEWED","NOT REVIEWED","NOT REVIEWED","UNRESOLVED","UNRESOLVED","UNRESOLVED","No frozen MPN; prerequisite electrical/mechanical contract or exact-device audit remains open.","Normal","","","","","BLOCKED","Do not source or assign a footprint from this row.","","YES","","Rev A","As-captured inventory only. CSR-01 did not freeze this item."
"01_Power_Entry/R12","01_Power_Entry","R12","Passives","402 kΩ 1%","IPC100:R","1","UNRESOLVED","UNRESOLVED - CSR-01 BLOCKED","402 kΩ 1%","402 kΩ 1%","UNRESOLVED","UNRESOLVED","Requires exact-part review","Requires exact-part review","As captured where stated; package/derating unresolved","UNRESOLVED","NOT REVIEWED","NOT REVIEWED","NOT REVIEWED","UNRESOLVED","UNRESOLVED","UNRESOLVED","No frozen MPN; prerequisite electrical/mechanical contract or exact-device audit remains open.","Normal","","","","","BLOCKED","Do not source or assign a footprint from this row.","","YES","","Rev A","As-captured inventory only. CSR-01 did not freeze this item."
"01_Power_Entry/R13","01_Power_Entry","R13","Passives","100 kΩ 1%","IPC100:R","1","UNRESOLVED","UNRESOLVED - CSR-01 BLOCKED","100 kΩ 1%","100 kΩ 1%","UNRESOLVED","UNRESOLVED","Requires exact-part review","Requires exact-part review","As captured where stated; package/derating unresolved","UNRESOLVED","NOT REVIEWED","NOT REVIEWED","NOT REVIEWED","UNRESOLVED","UNRESOLVED","UNRESOLVED","No frozen MPN; prerequisite electrical/mechanical contract or exact-device audit remains open.","Normal","","","","","BLOCKED","Do not source or assign a footprint from this row.","","YES","","Rev A","As-captured inventory only. CSR-01 did not freeze this item."
"01_Power_Entry/R14","01_Power_Entry","R14","Passives","6.65 kΩ 1%","IPC100:R","1","UNRESOLVED","UNRESOLVED - CSR-01 BLOCKED","6.65 kΩ 1%","6.65 kΩ 1%","UNRESOLVED","UNRESOLVED","Requires exact-part review","Requires exact-part review","As captured where stated; package/derating unresolved","UNRESOLVED","NOT REVIEWED","NOT REVIEWED","NOT REVIEWED","UNRESOLVED","UNRESOLVED","UNRESOLVED","No frozen MPN; prerequisite electrical/mechanical contract or exact-device audit remains open.","Normal","","","","","BLOCKED","Do not source or assign a footprint from this row.","","YES","","Rev A","As-captured inventory only. CSR-01 did not freeze this item."
"01_Power_Entry/R15","01_Power_Entry","R15","Passives","604 kΩ 1%","IPC100:R","1","UNRESOLVED","UNRESOLVED - CSR-01 BLOCKED","604 kΩ 1%","604 kΩ 1%","UNRESOLVED","UNRESOLVED","Requires exact-part review","Requires exact-part review","As captured where stated; package/derating unresolved","UNRESOLVED","NOT REVIEWED","NOT REVIEWED","NOT REVIEWED","UNRESOLVED","UNRESOLVED","UNRESOLVED","No frozen MPN; prerequisite electrical/mechanical contract or exact-device audit remains open.","Normal","","","","","BLOCKED","Do not source or assign a footprint from this row.","","YES","","Rev A","As-captured inventory only. CSR-01 did not freeze this item."
"01_Power_Entry/R16","01_Power_Entry","R16","Passives","100 kΩ 1%","IPC100:R","1","UNRESOLVED","UNRESOLVED - CSR-01 BLOCKED","100 kΩ 1%","100 kΩ 1%","UNRESOLVED","UNRESOLVED","Requires exact-part review","Requires exact-part review","As captured where stated; package/derating unresolved","UNRESOLVED","NOT REVIEWED","NOT REVIEWED","NOT REVIEWED","UNRESOLVED","UNRESOLVED","UNRESOLVED","No frozen MPN; prerequisite electrical/mechanical contract or exact-device audit remains open.","Normal","","","","","BLOCKED","Do not source or assign a footprint from this row.","","YES","","Rev A","As-captured inventory only. CSR-01 did not freeze this item."
"01_Power_Entry/R2","01_Power_Entry","R2","Passives","100 kΩ 1%","IPC100:R","1","UNRESOLVED","UNRESOLVED - CSR-01 BLOCKED","100 kΩ 1%","100 kΩ 1%","UNRESOLVED","UNRESOLVED","Requires exact-part review","Requires exact-part review","As captured where stated; package/derating unresolved","UNRESOLVED","NOT REVIEWED","NOT REVIEWED","NOT REVIEWED","UNRESOLVED","UNRESOLVED","UNRESOLVED","No frozen MPN; prerequisite electrical/mechanical contract or exact-device audit remains open.","Normal","","","","","BLOCKED","Do not source or assign a footprint from this row.","","YES","","Rev A","As-captured inventory only. CSR-01 did not freeze this item."
"01_Power_Entry/R3","01_Power_Entry","R3","Passives","1.91 MΩ 1%","IPC100:R","1","UNRESOLVED","UNRESOLVED - CSR-01 BLOCKED","1.91 MΩ 1%","1.91 MΩ 1%","UNRESOLVED","UNRESOLVED","Requires exact-part review","Requires exact-part review","As captured where stated; package/derating unresolved","UNRESOLVED","NOT REVIEWED","NOT REVIEWED","NOT REVIEWED","UNRESOLVED","UNRESOLVED","UNRESOLVED","No frozen MPN; prerequisite electrical/mechanical contract or exact-device audit remains open.","Normal","","","","","BLOCKED","Do not source or assign a footprint from this row.","","YES","","Rev A","As-captured inventory only. CSR-01 did not freeze this item."
"01_Power_Entry/R4","01_Power_Entry","R4","Passives","100 kΩ 1%","IPC100:R","1","UNRESOLVED","UNRESOLVED - CSR-01 BLOCKED","100 kΩ 1%","100 kΩ 1%","UNRESOLVED","UNRESOLVED","Requires exact-part review","Requires exact-part review","As captured where stated; package/derating unresolved","UNRESOLVED","NOT REVIEWED","NOT REVIEWED","NOT REVIEWED","UNRESOLVED","UNRESOLVED","UNRESOLVED","No frozen MPN; prerequisite electrical/mechanical contract or exact-device audit remains open.","Normal","","","","","BLOCKED","Do not source or assign a footprint from this row.","","YES","","Rev A","As-captured inventory only. CSR-01 did not freeze this item."
"01_Power_Entry/R5","01_Power_Entry","R5","Passives","100 kΩ","IPC100:R","1","UNRESOLVED","UNRESOLVED - CSR-01 BLOCKED","100 kΩ","100 kΩ","UNRESOLVED","UNRESOLVED","Requires exact-part review","Requires exact-part review","As captured where stated; package/derating unresolved","UNRESOLVED","NOT REVIEWED","NOT REVIEWED","NOT REVIEWED","UNRESOLVED","UNRESOLVED","UNRESOLVED","No frozen MPN; prerequisite electrical/mechanical contract or exact-device audit remains open.","Normal","","","","","BLOCKED","Do not source or assign a footprint from this row.","","YES","","Rev A","As-captured inventory only. CSR-01 did not freeze this item."
"01_Power_Entry/R6","01_Power_Entry","R6","Passives","9.09 kΩ 1%","IPC100:R","1","UNRESOLVED","UNRESOLVED - CSR-01 BLOCKED","9.09 kΩ 1%","9.09 kΩ 1%","UNRESOLVED","UNRESOLVED","Requires exact-part review","Requires exact-part review","As captured where stated; package/derating unresolved","UNRESOLVED","NOT REVIEWED","NOT REVIEWED","NOT REVIEWED","UNRESOLVED","UNRESOLVED","UNRESOLVED","No frozen MPN; prerequisite electrical/mechanical contract or exact-device audit remains open.","Normal","","","","","BLOCKED","Do not source or assign a footprint from this row.","","YES","","Rev A","As-captured inventory only. CSR-01 did not freeze this item."
"01_Power_Entry/R7","01_Power_Entry","R7","Passives","49.9 kΩ 0.1% 25 ppm","IPC100:R","1","UNRESOLVED","UNRESOLVED - CSR-01 BLOCKED","49.9 kΩ 0.1% 25 ppm","49.9 kΩ 0.1% 25 ppm","UNRESOLVED","UNRESOLVED","Requires exact-part review","Requires exact-part review","As captured where stated; package/derating unresolved","UNRESOLVED","NOT REVIEWED","NOT REVIEWED","NOT REVIEWED","UNRESOLVED","UNRESOLVED","UNRESOLVED","No frozen MPN; prerequisite electrical/mechanical contract or exact-device audit remains open.","Normal","","","","","BLOCKED","Do not source or assign a footprint from this row.","","YES","","Rev A","As-captured inventory only. CSR-01 did not freeze this item."
"01_Power_Entry/R8","01_Power_Entry","R8","Passives","49.9 kΩ 0.1% 25 ppm","IPC100:R","1","UNRESOLVED","UNRESOLVED - CSR-01 BLOCKED","49.9 kΩ 0.1% 25 ppm","49.9 kΩ 0.1% 25 ppm","UNRESOLVED","UNRESOLVED","Requires exact-part review","Requires exact-part review","As captured where stated; package/derating unresolved","UNRESOLVED","NOT REVIEWED","NOT REVIEWED","NOT REVIEWED","UNRESOLVED","UNRESOLVED","UNRESOLVED","No frozen MPN; prerequisite electrical/mechanical contract or exact-device audit remains open.","Normal","","","","","BLOCKED","Do not source or assign a footprint from this row.","","YES","","Rev A","As-captured inventory only. CSR-01 did not freeze this item."
"01_Power_Entry/R9","01_Power_Entry","R9","Passives","10.0 kΩ 0.1% 25 ppm","IPC100:R","1","UNRESOLVED","UNRESOLVED - CSR-01 BLOCKED","10.0 kΩ 0.1% 25 ppm","10.0 kΩ 0.1% 25 ppm","UNRESOLVED","UNRESOLVED","Requires exact-part review","Requires exact-part review","As captured where stated; package/derating unresolved","UNRESOLVED","NOT REVIEWED","NOT REVIEWED","NOT REVIEWED","UNRESOLVED","UNRESOLVED","UNRESOLVED","No frozen MPN; prerequisite electrical/mechanical contract or exact-device audit remains open.","Normal","","","","","BLOCKED","Do not source or assign a footprint from this row.","","YES","","Rev A","As-captured inventory only. CSR-01 did not freeze this item."
"01_Power_Entry/U1","01_Power_Entry","U1","Power","TPS26630PWPR (provisional)","IPC100:TPS26630","1","UNRESOLVED","UNRESOLVED - CSR-01 BLOCKED","TPS26630PWPR (provisional)","TPS26630PWPR (provisional)","UNRESOLVED","UNRESOLVED","Requires exact-part review","Requires exact-part review","As captured where stated; package/derating unresolved","UNRESOLVED","NOT REVIEWED","NOT REVIEWED","NOT REVIEWED","UNRESOLVED","UNRESOLVED","UNRESOLVED","No frozen MPN; prerequisite electrical/mechanical contract or exact-device audit remains open.","Major","","","","","BLOCKED","Do not source or assign a footprint from this row.","","YES","","Rev A","As-captured inventory only. CSR-01 did not freeze this item."
"01_Power_Entry/U2","01_Power_Entry","U2","Power","TPS259470LRPW (provisional)","IPC100:TPS259470L","1","UNRESOLVED","UNRESOLVED - CSR-01 BLOCKED","TPS259470LRPW (provisional)","TPS259470LRPW (provisional)","UNRESOLVED","UNRESOLVED","Requires exact-part review","Requires exact-part review","As captured where stated; package/derating unresolved","UNRESOLVED","NOT REVIEWED","NOT REVIEWED","NOT REVIEWED","UNRESOLVED","UNRESOLVED","UNRESOLVED","No frozen MPN; prerequisite electrical/mechanical contract or exact-device audit remains open.","Major","","","","","BLOCKED","Do not source or assign a footprint from this row.","","YES","","Rev A","As-captured inventory only. CSR-01 did not freeze this item."
"02_Power_Conversion/C1","02_Power_Conversion","C1","Passives","2.2 µF 100 V","IPC100:C","1","UNRESOLVED","UNRESOLVED - CSR-01 BLOCKED","2.2 µF 100 V","2.2 µF 100 V","UNRESOLVED","UNRESOLVED","Requires exact-part review","Requires exact-part review","As captured where stated; package/derating unresolved","UNRESOLVED","NOT REVIEWED","NOT REVIEWED","NOT REVIEWED","UNRESOLVED","UNRESOLVED","UNRESOLVED","No frozen MPN; prerequisite electrical/mechanical contract or exact-device audit remains open.","Normal","","","","","BLOCKED","Do not source or assign a footprint from this row.","","YES","","Rev A","As-captured inventory only. CSR-01 did not freeze this item."
"02_Power_Conversion/C10","02_Power_Conversion","C10","Passives","10 nF soft start","IPC100:C","1","UNRESOLVED","UNRESOLVED - CSR-01 BLOCKED","10 nF soft start","10 nF soft start","UNRESOLVED","UNRESOLVED","Requires exact-part review","Requires exact-part review","As captured where stated; package/derating unresolved","UNRESOLVED","NOT REVIEWED","NOT REVIEWED","NOT REVIEWED","UNRESOLVED","UNRESOLVED","UNRESOLVED","No frozen MPN; prerequisite electrical/mechanical contract or exact-device audit remains open.","Normal","","","","","BLOCKED","Do not source or assign a footprint from this row.","","YES","","Rev A","As-captured inventory only. CSR-01 did not freeze this item."
"02_Power_Conversion/C11","02_Power_Conversion","C11","Passives","1 nF slew control","IPC100:C","1","UNRESOLVED","UNRESOLVED - CSR-01 BLOCKED","1 nF slew control","1 nF slew control","UNRESOLVED","UNRESOLVED","Requires exact-part review","Requires exact-part review","As captured where stated; package/derating unresolved","UNRESOLVED","NOT REVIEWED","NOT REVIEWED","NOT REVIEWED","UNRESOLVED","UNRESOLVED","UNRESOLVED","No frozen MPN; prerequisite electrical/mechanical contract or exact-device audit remains open.","Normal","","","","","BLOCKED","Do not source or assign a footprint from this row.","","YES","","Rev A","As-captured inventory only. CSR-01 did not freeze this item."
"02_Power_Conversion/C12","02_Power_Conversion","C12","Passives","4.7 µF branch local","IPC100:C","1","UNRESOLVED","UNRESOLVED - CSR-01 BLOCKED","4.7 µF branch local","4.7 µF branch local","UNRESOLVED","UNRESOLVED","Requires exact-part review","Requires exact-part review","As captured where stated; package/derating unresolved","UNRESOLVED","NOT REVIEWED","NOT REVIEWED","NOT REVIEWED","UNRESOLVED","UNRESOLVED","UNRESOLVED","No frozen MPN; prerequisite electrical/mechanical contract or exact-device audit remains open.","Normal","","","","","BLOCKED","Do not source or assign a footprint from this row.","","YES","","Rev A","As-captured inventory only. CSR-01 did not freeze this item."
"02_Power_Conversion/C13","02_Power_Conversion","C13","Passives","1 nF slew control","IPC100:C","1","UNRESOLVED","UNRESOLVED - CSR-01 BLOCKED","1 nF slew control","1 nF slew control","UNRESOLVED","UNRESOLVED","Requires exact-part review","Requires exact-part review","As captured where stated; package/derating unresolved","UNRESOLVED","NOT REVIEWED","NOT REVIEWED","NOT REVIEWED","UNRESOLVED","UNRESOLVED","UNRESOLVED","No frozen MPN; prerequisite electrical/mechanical contract or exact-device audit remains open.","Normal","","","","","BLOCKED","Do not source or assign a footprint from this row.","","YES","","Rev A","As-captured inventory only. CSR-01 did not freeze this item."
"02_Power_Conversion/C14","02_Power_Conversion","C14","Passives","4.7 µF branch local","IPC100:C","1","UNRESOLVED","UNRESOLVED - CSR-01 BLOCKED","4.7 µF branch local","4.7 µF branch local","UNRESOLVED","UNRESOLVED","Requires exact-part review","Requires exact-part review","As captured where stated; package/derating unresolved","UNRESOLVED","NOT REVIEWED","NOT REVIEWED","NOT REVIEWED","UNRESOLVED","UNRESOLVED","UNRESOLVED","No frozen MPN; prerequisite electrical/mechanical contract or exact-device audit remains open.","Normal","","","","","BLOCKED","Do not source or assign a footprint from this row.","","YES","","Rev A","As-captured inventory only. CSR-01 did not freeze this item."
"02_Power_Conversion/C15","02_Power_Conversion","C15","Passives","1 nF slew control","IPC100:C","1","UNRESOLVED","UNRESOLVED - CSR-01 BLOCKED","1 nF slew control","1 nF slew control","UNRESOLVED","UNRESOLVED","Requires exact-part review","Requires exact-part review","As captured where stated; package/derating unresolved","UNRESOLVED","NOT REVIEWED","NOT REVIEWED","NOT REVIEWED","UNRESOLVED","UNRESOLVED","UNRESOLVED","No frozen MPN; prerequisite electrical/mechanical contract or exact-device audit remains open.","Normal","","","","","BLOCKED","Do not source or assign a footprint from this row.","","YES","","Rev A","As-captured inventory only. CSR-01 did not freeze this item."
"02_Power_Conversion/C16","02_Power_Conversion","C16","Passives","4.7 µF branch local","IPC100:C","1","UNRESOLVED","UNRESOLVED - CSR-01 BLOCKED","4.7 µF branch local","4.7 µF branch local","UNRESOLVED","UNRESOLVED","Requires exact-part review","Requires exact-part review","As captured where stated; package/derating unresolved","UNRESOLVED","NOT REVIEWED","NOT REVIEWED","NOT REVIEWED","UNRESOLVED","UNRESOLVED","UNRESOLVED","No frozen MPN; prerequisite electrical/mechanical contract or exact-device audit remains open.","Normal","","","","","BLOCKED","Do not source or assign a footprint from this row.","","YES","","Rev A","As-captured inventory only. CSR-01 did not freeze this item."
"02_Power_Conversion/C17","02_Power_Conversion","C17","Passives","4.7 µF branch local","IPC100:C","1","UNRESOLVED","UNRESOLVED - CSR-01 BLOCKED","4.7 µF branch local","4.7 µF branch local","UNRESOLVED","UNRESOLVED","Requires exact-part review","Requires exact-part review","As captured where stated; package/derating unresolved","UNRESOLVED","NOT REVIEWED","NOT REVIEWED","NOT REVIEWED","UNRESOLVED","UNRESOLVED","UNRESOLVED","No frozen MPN; prerequisite electrical/mechanical contract or exact-device audit remains open.","Normal","","","","","BLOCKED","Do not source or assign a footprint from this row.","","YES","","Rev A","As-captured inventory only. CSR-01 did not freeze this item."
"02_Power_Conversion/C18","02_Power_Conversion","C18","Passives","1 nF slew control","IPC100:C","1","UNRESOLVED","UNRESOLVED - CSR-01 BLOCKED","1 nF slew control","1 nF slew control","UNRESOLVED","UNRESOLVED","Requires exact-part review","Requires exact-part review","As captured where stated; package/derating unresolved","UNRESOLVED","NOT REVIEWED","NOT REVIEWED","NOT REVIEWED","UNRESOLVED","UNRESOLVED","UNRESOLVED","No frozen MPN; prerequisite electrical/mechanical contract or exact-device audit remains open.","Normal","","","","","BLOCKED","Do not source or assign a footprint from this row.","","YES","","Rev A","As-captured inventory only. CSR-01 did not freeze this item."
"02_Power_Conversion/C19","02_Power_Conversion","C19","Passives","4.7 µF branch local","IPC100:C","1","UNRESOLVED","UNRESOLVED - CSR-01 BLOCKED","4.7 µF branch local","4.7 µF branch local","UNRESOLVED","UNRESOLVED","Requires exact-part review","Requires exact-part review","As captured where stated; package/derating unresolved","UNRESOLVED","NOT REVIEWED","NOT REVIEWED","NOT REVIEWED","UNRESOLVED","UNRESOLVED","UNRESOLVED","No frozen MPN; prerequisite electrical/mechanical contract or exact-device audit remains open.","Normal","","","","","BLOCKED","Do not source or assign a footprint from this row.","","YES","","Rev A","As-captured inventory only. CSR-01 did not freeze this item."
"02_Power_Conversion/C2","02_Power_Conversion","C2","Passives","100 nF bootstrap","IPC100:C","1","UNRESOLVED","UNRESOLVED - CSR-01 BLOCKED","100 nF bootstrap","100 nF bootstrap","UNRESOLVED","UNRESOLVED","Requires exact-part review","Requires exact-part review","As captured where stated; package/derating unresolved","UNRESOLVED","NOT REVIEWED","NOT REVIEWED","NOT REVIEWED","UNRESOLVED","UNRESOLVED","UNRESOLVED","No frozen MPN; prerequisite electrical/mechanical contract or exact-device audit remains open.","Normal","","","","","BLOCKED","Do not source or assign a footprint from this row.","","YES","","Rev A","As-captured inventory only. CSR-01 did not freeze this item."
"02_Power_Conversion/C20","02_Power_Conversion","C20","Passives","1 nF slew control","IPC100:C","1","UNRESOLVED","UNRESOLVED - CSR-01 BLOCKED","1 nF slew control","1 nF slew control","UNRESOLVED","UNRESOLVED","Requires exact-part review","Requires exact-part review","As captured where stated; package/derating unresolved","UNRESOLVED","NOT REVIEWED","NOT REVIEWED","NOT REVIEWED","UNRESOLVED","UNRESOLVED","UNRESOLVED","No frozen MPN; prerequisite electrical/mechanical contract or exact-device audit remains open.","Normal","","","","","BLOCKED","Do not source or assign a footprint from this row.","","YES","","Rev A","As-captured inventory only. CSR-01 did not freeze this item."
"02_Power_Conversion/C21","02_Power_Conversion","C21","Passives","4.7 µF branch local","IPC100:C","1","UNRESOLVED","UNRESOLVED - CSR-01 BLOCKED","4.7 µF branch local","4.7 µF branch local","UNRESOLVED","UNRESOLVED","Requires exact-part review","Requires exact-part review","As captured where stated; package/derating unresolved","UNRESOLVED","NOT REVIEWED","NOT REVIEWED","NOT REVIEWED","UNRESOLVED","UNRESOLVED","UNRESOLVED","No frozen MPN; prerequisite electrical/mechanical contract or exact-device audit remains open.","Normal","","","","","BLOCKED","Do not source or assign a footprint from this row.","","YES","","Rev A","As-captured inventory only. CSR-01 did not freeze this item."
"02_Power_Conversion/C3","02_Power_Conversion","C3","Passives","22 µF 10 V","IPC100:C","1","UNRESOLVED","UNRESOLVED - CSR-01 BLOCKED","22 µF 10 V","22 µF 10 V","UNRESOLVED","UNRESOLVED","Requires exact-part review","Requires exact-part review","As captured where stated; package/derating unresolved","UNRESOLVED","NOT REVIEWED","NOT REVIEWED","NOT REVIEWED","UNRESOLVED","UNRESOLVED","UNRESOLVED","No frozen MPN; prerequisite electrical/mechanical contract or exact-device audit remains open.","Normal","","","","","BLOCKED","Do not source or assign a footprint from this row.","","YES","","Rev A","As-captured inventory only. CSR-01 did not freeze this item."
"02_Power_Conversion/C4","02_Power_Conversion","C4","Passives","22 µF 10 V","IPC100:C","1","UNRESOLVED","UNRESOLVED - CSR-01 BLOCKED","22 µF 10 V","22 µF 10 V","UNRESOLVED","UNRESOLVED","Requires exact-part review","Requires exact-part review","As captured where stated; package/derating unresolved","UNRESOLVED","NOT REVIEWED","NOT REVIEWED","NOT REVIEWED","UNRESOLVED","UNRESOLVED","UNRESOLVED","No frozen MPN; prerequisite electrical/mechanical contract or exact-device audit remains open.","Normal","","","","","BLOCKED","Do not source or assign a footprint from this row.","","YES","","Rev A","As-captured inventory only. CSR-01 did not freeze this item."
"02_Power_Conversion/C5","02_Power_Conversion","C5","Passives","100 nF soft start","IPC100:C","1","UNRESOLVED","UNRESOLVED - CSR-01 BLOCKED","100 nF soft start","100 nF soft start","UNRESOLVED","UNRESOLVED","Requires exact-part review","Requires exact-part review","As captured where stated; package/derating unresolved","UNRESOLVED","NOT REVIEWED","NOT REVIEWED","NOT REVIEWED","UNRESOLVED","UNRESOLVED","UNRESOLVED","No frozen MPN; prerequisite electrical/mechanical contract or exact-device audit remains open.","Normal","","","","","BLOCKED","Do not source or assign a footprint from this row.","","YES","","Rev A","As-captured inventory only. CSR-01 did not freeze this item."
"02_Power_Conversion/C6","02_Power_Conversion","C6","Passives","47 µF 10 V mux hold-up","IPC100:C","1","UNRESOLVED","UNRESOLVED - CSR-01 BLOCKED","47 µF 10 V mux hold-up","47 µF 10 V mux hold-up","UNRESOLVED","UNRESOLVED","Requires exact-part review","Requires exact-part review","As captured where stated; package/derating unresolved","UNRESOLVED","NOT REVIEWED","NOT REVIEWED","NOT REVIEWED","UNRESOLVED","UNRESOLVED","UNRESOLVED","No frozen MPN; prerequisite electrical/mechanical contract or exact-device audit remains open.","Normal","","","","","BLOCKED","Do not source or assign a footprint from this row.","","YES","","Rev A","As-captured inventory only. CSR-01 did not freeze this item."
"02_Power_Conversion/C7","02_Power_Conversion","C7","Passives","10 µF 10 V","IPC100:C","1","UNRESOLVED","UNRESOLVED - CSR-01 BLOCKED","10 µF 10 V","10 µF 10 V","UNRESOLVED","UNRESOLVED","Requires exact-part review","Requires exact-part review","As captured where stated; package/derating unresolved","UNRESOLVED","NOT REVIEWED","NOT REVIEWED","NOT REVIEWED","UNRESOLVED","UNRESOLVED","UNRESOLVED","No frozen MPN; prerequisite electrical/mechanical contract or exact-device audit remains open.","Normal","","","","","BLOCKED","Do not source or assign a footprint from this row.","","YES","","Rev A","As-captured inventory only. CSR-01 did not freeze this item."
"02_Power_Conversion/C8","02_Power_Conversion","C8","Passives","22 µF 10 V","IPC100:C","1","UNRESOLVED","UNRESOLVED - CSR-01 BLOCKED","22 µF 10 V","22 µF 10 V","UNRESOLVED","UNRESOLVED","Requires exact-part review","Requires exact-part review","As captured where stated; package/derating unresolved","UNRESOLVED","NOT REVIEWED","NOT REVIEWED","NOT REVIEWED","UNRESOLVED","UNRESOLVED","UNRESOLVED","No frozen MPN; prerequisite electrical/mechanical contract or exact-device audit remains open.","Normal","","","","","BLOCKED","Do not source or assign a footprint from this row.","","YES","","Rev A","As-captured inventory only. CSR-01 did not freeze this item."
"02_Power_Conversion/C9","02_Power_Conversion","C9","Passives","22 µF 10 V","IPC100:C","1","UNRESOLVED","UNRESOLVED - CSR-01 BLOCKED","22 µF 10 V","22 µF 10 V","UNRESOLVED","UNRESOLVED","Requires exact-part review","Requires exact-part review","As captured where stated; package/derating unresolved","UNRESOLVED","NOT REVIEWED","NOT REVIEWED","NOT REVIEWED","UNRESOLVED","UNRESOLVED","UNRESOLVED","No frozen MPN; prerequisite electrical/mechanical contract or exact-device audit remains open.","Normal","","","","","BLOCKED","Do not source or assign a footprint from this row.","","YES","","Rev A","As-captured inventory only. CSR-01 did not freeze this item."
"02_Power_Conversion/D1","02_Power_Conversion","D1","Protection","4.7 V EN clamp","IPC100:D","1","UNRESOLVED","UNRESOLVED - CSR-01 BLOCKED","4.7 V EN clamp","4.7 V EN clamp","UNRESOLVED","UNRESOLVED","Requires exact-part review","Requires exact-part review","As captured where stated; package/derating unresolved","UNRESOLVED","NOT REVIEWED","NOT REVIEWED","NOT REVIEWED","UNRESOLVED","UNRESOLVED","UNRESOLVED","No frozen MPN; prerequisite electrical/mechanical contract or exact-device audit remains open.","Major","","","","","BLOCKED","Do not source or assign a footprint from this row.","","YES","","Rev A","As-captured inventory only. CSR-01 did not freeze this item."
"02_Power_Conversion/D10","02_Power_Conversion","D10","Protection","Schottky reverse-injection block (TBD exact)","IPC100:D","1","UNRESOLVED","UNRESOLVED - CSR-01 BLOCKED","Schottky reverse-injection block (TBD exact)","Schottky reverse-injection block (TBD exact)","UNRESOLVED","UNRESOLVED","Requires exact-part review","Requires exact-part review","As captured where stated; package/derating unresolved","UNRESOLVED","NOT REVIEWED","NOT REVIEWED","NOT REVIEWED","UNRESOLVED","UNRESOLVED","UNRESOLVED","No frozen MPN; prerequisite electrical/mechanical contract or exact-device audit remains open.","Major","","","","","BLOCKED","Do not source or assign a footprint from this row.","","YES","","Rev A","As-captured inventory only. CSR-01 did not freeze this item."
"02_Power_Conversion/D2","02_Power_Conversion","D2","Protection","3.3 V bias clamp","IPC100:D","1","UNRESOLVED","UNRESOLVED - CSR-01 BLOCKED","3.3 V bias clamp","3.3 V bias clamp","UNRESOLVED","UNRESOLVED","Requires exact-part review","Requires exact-part review","As captured where stated; package/derating unresolved","UNRESOLVED","NOT REVIEWED","NOT REVIEWED","NOT REVIEWED","UNRESOLVED","UNRESOLVED","UNRESOLVED","No frozen MPN; prerequisite electrical/mechanical contract or exact-device audit remains open.","Major","","","","","BLOCKED","Do not source or assign a footprint from this row.","","YES","","Rev A","As-captured inventory only. CSR-01 did not freeze this item."
"02_Power_Conversion/D3","02_Power_Conversion","D3","Protection","Schottky reverse-injection block (TBD exact)","IPC100:D","1","UNRESOLVED","UNRESOLVED - CSR-01 BLOCKED","Schottky reverse-injection block (TBD exact)","Schottky reverse-injection block (TBD exact)","UNRESOLVED","UNRESOLVED","Requires exact-part review","Requires exact-part review","As captured where stated; package/derating unresolved","UNRESOLVED","NOT REVIEWED","NOT REVIEWED","NOT REVIEWED","UNRESOLVED","UNRESOLVED","UNRESOLVED","No frozen MPN; prerequisite electrical/mechanical contract or exact-device audit remains open.","Major","","","","","BLOCKED","Do not source or assign a footprint from this row.","","YES","","Rev A","As-captured inventory only. CSR-01 did not freeze this item."
"02_Power_Conversion/D4","02_Power_Conversion","D4","Protection","Schottky reverse-injection block (TBD exact)","IPC100:D","1","UNRESOLVED","UNRESOLVED - CSR-01 BLOCKED","Schottky reverse-injection block (TBD exact)","Schottky reverse-injection block (TBD exact)","UNRESOLVED","UNRESOLVED","Requires exact-part review","Requires exact-part review","As captured where stated; package/derating unresolved","UNRESOLVED","NOT REVIEWED","NOT REVIEWED","NOT REVIEWED","UNRESOLVED","UNRESOLVED","UNRESOLVED","No frozen MPN; prerequisite electrical/mechanical contract or exact-device audit remains open.","Major","","","","","BLOCKED","Do not source or assign a footprint from this row.","","YES","","Rev A","As-captured inventory only. CSR-01 did not freeze this item."
"02_Power_Conversion/D5","02_Power_Conversion","D5","Protection","Schottky reverse-injection block (TBD exact)","IPC100:D","1","UNRESOLVED","UNRESOLVED - CSR-01 BLOCKED","Schottky reverse-injection block (TBD exact)","Schottky reverse-injection block (TBD exact)","UNRESOLVED","UNRESOLVED","Requires exact-part review","Requires exact-part review","As captured where stated; package/derating unresolved","UNRESOLVED","NOT REVIEWED","NOT REVIEWED","NOT REVIEWED","UNRESOLVED","UNRESOLVED","UNRESOLVED","No frozen MPN; prerequisite electrical/mechanical contract or exact-device audit remains open.","Major","","","","","BLOCKED","Do not source or assign a footprint from this row.","","YES","","Rev A","As-captured inventory only. CSR-01 did not freeze this item."
"02_Power_Conversion/D6","02_Power_Conversion","D6","Protection","Schottky reverse-injection block (TBD exact)","IPC100:D","1","UNRESOLVED","UNRESOLVED - CSR-01 BLOCKED","Schottky reverse-injection block (TBD exact)","Schottky reverse-injection block (TBD exact)","UNRESOLVED","UNRESOLVED","Requires exact-part review","Requires exact-part review","As captured where stated; package/derating unresolved","UNRESOLVED","NOT REVIEWED","NOT REVIEWED","NOT REVIEWED","UNRESOLVED","UNRESOLVED","UNRESOLVED","No frozen MPN; prerequisite electrical/mechanical contract or exact-device audit remains open.","Major","","","","","BLOCKED","Do not source or assign a footprint from this row.","","YES","","Rev A","As-captured inventory only. CSR-01 did not freeze this item."
"02_Power_Conversion/D7","02_Power_Conversion","D7","Protection","Schottky reverse-injection block (TBD exact)","IPC100:D","1","UNRESOLVED","UNRESOLVED - CSR-01 BLOCKED","Schottky reverse-injection block (TBD exact)","Schottky reverse-injection block (TBD exact)","UNRESOLVED","UNRESOLVED","Requires exact-part review","Requires exact-part review","As captured where stated; package/derating unresolved","UNRESOLVED","NOT REVIEWED","NOT REVIEWED","NOT REVIEWED","UNRESOLVED","UNRESOLVED","UNRESOLVED","No frozen MPN; prerequisite electrical/mechanical contract or exact-device audit remains open.","Major","","","","","BLOCKED","Do not source or assign a footprint from this row.","","YES","","Rev A","As-captured inventory only. CSR-01 did not freeze this item."
"02_Power_Conversion/D8","02_Power_Conversion","D8","Protection","Schottky reverse-injection block (TBD exact)","IPC100:D","1","UNRESOLVED","UNRESOLVED - CSR-01 BLOCKED","Schottky reverse-injection block (TBD exact)","Schottky reverse-injection block (TBD exact)","UNRESOLVED","UNRESOLVED","Requires exact-part review","Requires exact-part review","As captured where stated; package/derating unresolved","UNRESOLVED","NOT REVIEWED","NOT REVIEWED","NOT REVIEWED","UNRESOLVED","UNRESOLVED","UNRESOLVED","No frozen MPN; prerequisite electrical/mechanical contract or exact-device audit remains open.","Major","","","","","BLOCKED","Do not source or assign a footprint from this row.","","YES","","Rev A","As-captured inventory only. CSR-01 did not freeze this item."
"02_Power_Conversion/D9","02_Power_Conversion","D9","Protection","Schottky reverse-injection block (TBD exact)","IPC100:D","1","UNRESOLVED","UNRESOLVED - CSR-01 BLOCKED","Schottky reverse-injection block (TBD exact)","Schottky reverse-injection block (TBD exact)","UNRESOLVED","UNRESOLVED","Requires exact-part review","Requires exact-part review","As captured where stated; package/derating unresolved","UNRESOLVED","NOT REVIEWED","NOT REVIEWED","NOT REVIEWED","UNRESOLVED","UNRESOLVED","UNRESOLVED","No frozen MPN; prerequisite electrical/mechanical contract or exact-device audit remains open.","Major","","","","","BLOCKED","Do not source or assign a footprint from this row.","","YES","","Rev A","As-captured inventory only. CSR-01 did not freeze this item."
"02_Power_Conversion/L1","02_Power_Conversion","L1","Passives","15 µH, ≥3.2 A Isat, ≤100 mΩ (TBD exact)","IPC100:L","1","UNRESOLVED","UNRESOLVED - CSR-01 BLOCKED","15 µH, ≥3.2 A Isat, ≤100 mΩ (TBD exact)","15 µH, ≥3.2 A Isat, ≤100 mΩ (TBD exact)","UNRESOLVED","UNRESOLVED","Requires exact-part review","Requires exact-part review","As captured where stated; package/derating unresolved","UNRESOLVED","NOT REVIEWED","NOT REVIEWED","NOT REVIEWED","UNRESOLVED","UNRESOLVED","UNRESOLVED","No frozen MPN; prerequisite electrical/mechanical contract or exact-device audit remains open.","Normal","","","","","BLOCKED","Do not source or assign a footprint from this row.","","YES","","Rev A","As-captured inventory only. CSR-01 did not freeze this item."
"02_Power_Conversion/L2","02_Power_Conversion","L2","Passives","2.2 µH, ≥4.0 A Isat, ≤60 mΩ (TBD exact)","IPC100:L","1","UNRESOLVED","UNRESOLVED - CSR-01 BLOCKED","2.2 µH, ≥4.0 A Isat, ≤60 mΩ (TBD exact)","2.2 µH, ≥4.0 A Isat, ≤60 mΩ (TBD exact)","UNRESOLVED","UNRESOLVED","Requires exact-part review","Requires exact-part review","As captured where stated; package/derating unresolved","UNRESOLVED","NOT REVIEWED","NOT REVIEWED","NOT REVIEWED","UNRESOLVED","UNRESOLVED","UNRESOLVED","No frozen MPN; prerequisite electrical/mechanical contract or exact-device audit remains open.","Normal","","","","","BLOCKED","Do not source or assign a footprint from this row.","","YES","","Rev A","As-captured inventory only. CSR-01 did not freeze this item."
"02_Power_Conversion/R1","02_Power_Conversion","R1","Passives","40.2 kΩ 1% — 400 kHz","IPC100:R","1","UNRESOLVED","UNRESOLVED - CSR-01 BLOCKED","40.2 kΩ 1% — 400 kHz","40.2 kΩ 1% — 400 kHz","UNRESOLVED","UNRESOLVED","Requires exact-part review","Requires exact-part review","As captured where stated; package/derating unresolved","UNRESOLVED","NOT REVIEWED","NOT REVIEWED","NOT REVIEWED","UNRESOLVED","UNRESOLVED","UNRESOLVED","No frozen MPN; prerequisite electrical/mechanical contract or exact-device audit remains open.","Normal","","","","","BLOCKED","Do not source or assign a footprint from this row.","","YES","","Rev A","As-captured inventory only. CSR-01 did not freeze this item."
"02_Power_Conversion/R10","02_Power_Conversion","R10","Passives","316 kΩ 0.1%","IPC100:R","1","UNRESOLVED","UNRESOLVED - CSR-01 BLOCKED","316 kΩ 0.1%","316 kΩ 0.1%","UNRESOLVED","UNRESOLVED","Requires exact-part review","Requires exact-part review","As captured where stated; package/derating unresolved","UNRESOLVED","NOT REVIEWED","NOT REVIEWED","NOT REVIEWED","UNRESOLVED","UNRESOLVED","UNRESOLVED","No frozen MPN; prerequisite electrical/mechanical contract or exact-device audit remains open.","Normal","","","","","BLOCKED","Do not source or assign a footprint from this row.","","YES","","Rev A","As-captured inventory only. CSR-01 did not freeze this item."
"02_Power_Conversion/R11","02_Power_Conversion","R11","Passives","100 kΩ 0.1%","IPC100:R","1","UNRESOLVED","UNRESOLVED - CSR-01 BLOCKED","100 kΩ 0.1%","100 kΩ 0.1%","UNRESOLVED","UNRESOLVED","Requires exact-part review","Requires exact-part review","As captured where stated; package/derating unresolved","UNRESOLVED","NOT REVIEWED","NOT REVIEWED","NOT REVIEWED","UNRESOLVED","UNRESOLVED","UNRESOLVED","No frozen MPN; prerequisite electrical/mechanical contract or exact-device audit remains open.","Normal","","","","","BLOCKED","Do not source or assign a footprint from this row.","","YES","","Rev A","As-captured inventory only. CSR-01 did not freeze this item."
"02_Power_Conversion/R12","02_Power_Conversion","R12","Passives","100 kΩ enable","IPC100:R","1","UNRESOLVED","UNRESOLVED - CSR-01 BLOCKED","100 kΩ enable","100 kΩ enable","UNRESOLVED","UNRESOLVED","Requires exact-part review","Requires exact-part review","As captured where stated; package/derating unresolved","UNRESOLVED","NOT REVIEWED","NOT REVIEWED","NOT REVIEWED","UNRESOLVED","UNRESOLVED","UNRESOLVED","No frozen MPN; prerequisite electrical/mechanical contract or exact-device audit remains open.","Normal","","","","","BLOCKED","Do not source or assign a footprint from this row.","","YES","","Rev A","As-captured inventory only. CSR-01 did not freeze this item."
"02_Power_Conversion/R13","02_Power_Conversion","R13","Passives","10 kΩ PGOOD pull-up","IPC100:R","1","UNRESOLVED","UNRESOLVED - CSR-01 BLOCKED","10 kΩ PGOOD pull-up","10 kΩ PGOOD pull-up","UNRESOLVED","UNRESOLVED","Requires exact-part review","Requires exact-part review","As captured where stated; package/derating unresolved","UNRESOLVED","NOT REVIEWED","NOT REVIEWED","NOT REVIEWED","UNRESOLVED","UNRESOLVED","UNRESOLVED","No frozen MPN; prerequisite electrical/mechanical contract or exact-device audit remains open.","Normal","","","","","BLOCKED","Do not source or assign a footprint from this row.","","YES","","Rev A","As-captured inventory only. CSR-01 did not freeze this item."
"02_Power_Conversion/R14","02_Power_Conversion","R14","Passives","100 kΩ fail-low","IPC100:R","1","UNRESOLVED","UNRESOLVED - CSR-01 BLOCKED","100 kΩ fail-low","100 kΩ fail-low","UNRESOLVED","UNRESOLVED","Requires exact-part review","Requires exact-part review","As captured where stated; package/derating unresolved","UNRESOLVED","NOT REVIEWED","NOT REVIEWED","NOT REVIEWED","UNRESOLVED","UNRESOLVED","UNRESOLVED","No frozen MPN; prerequisite electrical/mechanical contract or exact-device audit remains open.","Normal","","","","","BLOCKED","Do not source or assign a footprint from this row.","","YES","","Rev A","As-captured inventory only. CSR-01 did not freeze this item."
"02_Power_Conversion/R15","02_Power_Conversion","R15","Passives","10 kΩ main-bias pull-up","IPC100:R","1","UNRESOLVED","UNRESOLVED - CSR-01 BLOCKED","10 kΩ main-bias pull-up","10 kΩ main-bias pull-up","UNRESOLVED","UNRESOLVED","Requires exact-part review","Requires exact-part review","As captured where stated; package/derating unresolved","UNRESOLVED","NOT REVIEWED","NOT REVIEWED","NOT REVIEWED","UNRESOLVED","UNRESOLVED","UNRESOLVED","No frozen MPN; prerequisite electrical/mechanical contract or exact-device audit remains open.","Normal","","","","","BLOCKED","Do not source or assign a footprint from this row.","","YES","","Rev A","As-captured inventory only. CSR-01 did not freeze this item."
"02_Power_Conversion/R16","02_Power_Conversion","R16","Passives","100 kΩ bias feed","IPC100:R","1","UNRESOLVED","UNRESOLVED - CSR-01 BLOCKED","100 kΩ bias feed","100 kΩ bias feed","UNRESOLVED","UNRESOLVED","Requires exact-part review","Requires exact-part review","As captured where stated; package/derating unresolved","UNRESOLVED","NOT REVIEWED","NOT REVIEWED","NOT REVIEWED","UNRESOLVED","UNRESOLVED","UNRESOLVED","No frozen MPN; prerequisite electrical/mechanical contract or exact-device audit remains open.","Normal","","","","","BLOCKED","Do not source or assign a footprint from this row.","","YES","","Rev A","As-captured inventory only. CSR-01 did not freeze this item."
"02_Power_Conversion/R17","02_Power_Conversion","R17","Passives","10 kΩ PGOOD pull-up","IPC100:R","1","UNRESOLVED","UNRESOLVED - CSR-01 BLOCKED","10 kΩ PGOOD pull-up","10 kΩ PGOOD pull-up","UNRESOLVED","UNRESOLVED","Requires exact-part review","Requires exact-part review","As captured where stated; package/derating unresolved","UNRESOLVED","NOT REVIEWED","NOT REVIEWED","NOT REVIEWED","UNRESOLVED","UNRESOLVED","UNRESOLVED","No frozen MPN; prerequisite electrical/mechanical contract or exact-device audit remains open.","Normal","","","","","BLOCKED","Do not source or assign a footprint from this row.","","YES","","Rev A","As-captured inventory only. CSR-01 did not freeze this item."
"02_Power_Conversion/R18","02_Power_Conversion","R18","Passives","100 kΩ fail-low","IPC100:R","1","UNRESOLVED","UNRESOLVED - CSR-01 BLOCKED","100 kΩ fail-low","100 kΩ fail-low","UNRESOLVED","UNRESOLVED","Requires exact-part review","Requires exact-part review","As captured where stated; package/derating unresolved","UNRESOLVED","NOT REVIEWED","NOT REVIEWED","NOT REVIEWED","UNRESOLVED","UNRESOLVED","UNRESOLVED","No frozen MPN; prerequisite electrical/mechanical contract or exact-device audit remains open.","Normal","","","","","BLOCKED","Do not source or assign a footprint from this row.","","YES","","Rev A","As-captured inventory only. CSR-01 did not freeze this item."
"02_Power_Conversion/R19","02_Power_Conversion","R19","Passives","100 kΩ fail-low","IPC100:R","1","UNRESOLVED","UNRESOLVED - CSR-01 BLOCKED","100 kΩ fail-low","100 kΩ fail-low","UNRESOLVED","UNRESOLVED","Requires exact-part review","Requires exact-part review","As captured where stated; package/derating unresolved","UNRESOLVED","NOT REVIEWED","NOT REVIEWED","NOT REVIEWED","UNRESOLVED","UNRESOLVED","UNRESOLVED","No frozen MPN; prerequisite electrical/mechanical contract or exact-device audit remains open.","Normal","","","","","BLOCKED","Do not source or assign a footprint from this row.","","YES","","Rev A","As-captured inventory only. CSR-01 did not freeze this item."
"02_Power_Conversion/R2","02_Power_Conversion","R2","Passives","100 kΩ 0.1%","IPC100:R","1","UNRESOLVED","UNRESOLVED - CSR-01 BLOCKED","100 kΩ 0.1%","100 kΩ 0.1%","UNRESOLVED","UNRESOLVED","Requires exact-part review","Requires exact-part review","As captured where stated; package/derating unresolved","UNRESOLVED","NOT REVIEWED","NOT REVIEWED","NOT REVIEWED","UNRESOLVED","UNRESOLVED","UNRESOLVED","No frozen MPN; prerequisite electrical/mechanical contract or exact-device audit remains open.","Normal","","","","","BLOCKED","Do not source or assign a footprint from this row.","","YES","","Rev A","As-captured inventory only. CSR-01 did not freeze this item."
"02_Power_Conversion/R20","02_Power_Conversion","R20","Passives","100 kΩ fail-low","IPC100:R","1","UNRESOLVED","UNRESOLVED - CSR-01 BLOCKED","100 kΩ fail-low","100 kΩ fail-low","UNRESOLVED","UNRESOLVED","Requires exact-part review","Requires exact-part review","As captured where stated; package/derating unresolved","UNRESOLVED","NOT REVIEWED","NOT REVIEWED","NOT REVIEWED","UNRESOLVED","UNRESOLVED","UNRESOLVED","No frozen MPN; prerequisite electrical/mechanical contract or exact-device audit remains open.","Normal","","","","","BLOCKED","Do not source or assign a footprint from this row.","","YES","","Rev A","As-captured inventory only. CSR-01 did not freeze this item."
"02_Power_Conversion/R21","02_Power_Conversion","R21","Passives","100 kΩ fail-low","IPC100:R","1","UNRESOLVED","UNRESOLVED - CSR-01 BLOCKED","100 kΩ fail-low","100 kΩ fail-low","UNRESOLVED","UNRESOLVED","Requires exact-part review","Requires exact-part review","As captured where stated; package/derating unresolved","UNRESOLVED","NOT REVIEWED","NOT REVIEWED","NOT REVIEWED","UNRESOLVED","UNRESOLVED","UNRESOLVED","No frozen MPN; prerequisite electrical/mechanical contract or exact-device audit remains open.","Normal","","","","","BLOCKED","Do not source or assign a footprint from this row.","","YES","","Rev A","As-captured inventory only. CSR-01 did not freeze this item."
"02_Power_Conversion/R22","02_Power_Conversion","R22","Passives","287 kΩ 1% — 100 mA target (verify)","IPC100:R","1","UNRESOLVED","UNRESOLVED - CSR-01 BLOCKED","287 kΩ 1% — 100 mA target (verify)","287 kΩ 1% — 100 mA target (verify)","UNRESOLVED","UNRESOLVED","Requires exact-part review","Requires exact-part review","As captured where stated; package/derating unresolved","UNRESOLVED","NOT REVIEWED","NOT REVIEWED","NOT REVIEWED","UNRESOLVED","UNRESOLVED","UNRESOLVED","No frozen MPN; prerequisite electrical/mechanical contract or exact-device audit remains open.","Normal","","","","","BLOCKED","Do not source or assign a footprint from this row.","","YES","","Rev A","As-captured inventory only. CSR-01 did not freeze this item."
"02_Power_Conversion/R23","02_Power_Conversion","R23","Passives","287 kΩ 1% — 100 mA target (verify)","IPC100:R","1","UNRESOLVED","UNRESOLVED - CSR-01 BLOCKED","287 kΩ 1% — 100 mA target (verify)","287 kΩ 1% — 100 mA target (verify)","UNRESOLVED","UNRESOLVED","Requires exact-part review","Requires exact-part review","As captured where stated; package/derating unresolved","UNRESOLVED","NOT REVIEWED","NOT REVIEWED","NOT REVIEWED","UNRESOLVED","UNRESOLVED","UNRESOLVED","No frozen MPN; prerequisite electrical/mechanical contract or exact-device audit remains open.","Normal","","","","","BLOCKED","Do not source or assign a footprint from this row.","","YES","","Rev A","As-captured inventory only. CSR-01 did not freeze this item."
"02_Power_Conversion/R24","02_Power_Conversion","R24","Passives","287 kΩ 1% — 100 mA target (verify)","IPC100:R","1","UNRESOLVED","UNRESOLVED - CSR-01 BLOCKED","287 kΩ 1% — 100 mA target (verify)","287 kΩ 1% — 100 mA target (verify)","UNRESOLVED","UNRESOLVED","Requires exact-part review","Requires exact-part review","As captured where stated; package/derating unresolved","UNRESOLVED","NOT REVIEWED","NOT REVIEWED","NOT REVIEWED","UNRESOLVED","UNRESOLVED","UNRESOLVED","No frozen MPN; prerequisite electrical/mechanical contract or exact-device audit remains open.","Normal","","","","","BLOCKED","Do not source or assign a footprint from this row.","","YES","","Rev A","As-captured inventory only. CSR-01 did not freeze this item."
"02_Power_Conversion/R25","02_Power_Conversion","R25","Passives","1 kΩ QOD limit","IPC100:R","1","UNRESOLVED","UNRESOLVED - CSR-01 BLOCKED","1 kΩ QOD limit","1 kΩ QOD limit","UNRESOLVED","UNRESOLVED","Requires exact-part review","Requires exact-part review","As captured where stated; package/derating unresolved","UNRESOLVED","NOT REVIEWED","NOT REVIEWED","NOT REVIEWED","UNRESOLVED","UNRESOLVED","UNRESOLVED","No frozen MPN; prerequisite electrical/mechanical contract or exact-device audit remains open.","Normal","","","","","BLOCKED","Do not source or assign a footprint from this row.","","YES","","Rev A","As-captured inventory only. CSR-01 did not freeze this item."
"02_Power_Conversion/R26","02_Power_Conversion","R26","Passives","1 kΩ QOD limit","IPC100:R","1","UNRESOLVED","UNRESOLVED - CSR-01 BLOCKED","1 kΩ QOD limit","1 kΩ QOD limit","UNRESOLVED","UNRESOLVED","Requires exact-part review","Requires exact-part review","As captured where stated; package/derating unresolved","UNRESOLVED","NOT REVIEWED","NOT REVIEWED","NOT REVIEWED","UNRESOLVED","UNRESOLVED","UNRESOLVED","No frozen MPN; prerequisite electrical/mechanical contract or exact-device audit remains open.","Normal","","","","","BLOCKED","Do not source or assign a footprint from this row.","","YES","","Rev A","As-captured inventory only. CSR-01 did not freeze this item."
"02_Power_Conversion/R27","02_Power_Conversion","R27","Passives","1 kΩ QOD limit","IPC100:R","1","UNRESOLVED","UNRESOLVED - CSR-01 BLOCKED","1 kΩ QOD limit","1 kΩ QOD limit","UNRESOLVED","UNRESOLVED","Requires exact-part review","Requires exact-part review","As captured where stated; package/derating unresolved","UNRESOLVED","NOT REVIEWED","NOT REVIEWED","NOT REVIEWED","UNRESOLVED","UNRESOLVED","UNRESOLVED","No frozen MPN; prerequisite electrical/mechanical contract or exact-device audit remains open.","Normal","","","","","BLOCKED","Do not source or assign a footprint from this row.","","YES","","Rev A","As-captured inventory only. CSR-01 did not freeze this item."
"02_Power_Conversion/R28","02_Power_Conversion","R28","Passives","1 kΩ QOD limit","IPC100:R","1","UNRESOLVED","UNRESOLVED - CSR-01 BLOCKED","1 kΩ QOD limit","1 kΩ QOD limit","UNRESOLVED","UNRESOLVED","Requires exact-part review","Requires exact-part review","As captured where stated; package/derating unresolved","UNRESOLVED","NOT REVIEWED","NOT REVIEWED","NOT REVIEWED","UNRESOLVED","UNRESOLVED","UNRESOLVED","No frozen MPN; prerequisite electrical/mechanical contract or exact-device audit remains open.","Normal","","","","","BLOCKED","Do not source or assign a footprint from this row.","","YES","","Rev A","As-captured inventory only. CSR-01 did not freeze this item."
"02_Power_Conversion/R29","02_Power_Conversion","R29","Passives","1 kΩ QOD limit","IPC100:R","1","UNRESOLVED","UNRESOLVED - CSR-01 BLOCKED","1 kΩ QOD limit","1 kΩ QOD limit","UNRESOLVED","UNRESOLVED","Requires exact-part review","Requires exact-part review","As captured where stated; package/derating unresolved","UNRESOLVED","NOT REVIEWED","NOT REVIEWED","NOT REVIEWED","UNRESOLVED","UNRESOLVED","UNRESOLVED","No frozen MPN; prerequisite electrical/mechanical contract or exact-device audit remains open.","Normal","","","","","BLOCKED","Do not source or assign a footprint from this row.","","YES","","Rev A","As-captured inventory only. CSR-01 did not freeze this item."
"02_Power_Conversion/R3","02_Power_Conversion","R3","Passives","24.9 kΩ 0.1%","IPC100:R","1","UNRESOLVED","UNRESOLVED - CSR-01 BLOCKED","24.9 kΩ 0.1%","24.9 kΩ 0.1%","UNRESOLVED","UNRESOLVED","Requires exact-part review","Requires exact-part review","As captured where stated; package/derating unresolved","UNRESOLVED","NOT REVIEWED","NOT REVIEWED","NOT REVIEWED","UNRESOLVED","UNRESOLVED","UNRESOLVED","No frozen MPN; prerequisite electrical/mechanical contract or exact-device audit remains open.","Normal","","","","","BLOCKED","Do not source or assign a footprint from this row.","","YES","","Rev A","As-captured inventory only. CSR-01 did not freeze this item."
"02_Power_Conversion/R30","02_Power_Conversion","R30","Passives","23.7 kΩ 1% — USB OV2","IPC100:R","1","UNRESOLVED","UNRESOLVED - CSR-01 BLOCKED","23.7 kΩ 1% — USB OV2","23.7 kΩ 1% — USB OV2","UNRESOLVED","UNRESOLVED","Requires exact-part review","Requires exact-part review","As captured where stated; package/derating unresolved","UNRESOLVED","NOT REVIEWED","NOT REVIEWED","NOT REVIEWED","UNRESOLVED","UNRESOLVED","UNRESOLVED","No frozen MPN; prerequisite electrical/mechanical contract or exact-device audit remains open.","Normal","","","","","BLOCKED","Do not source or assign a footprint from this row.","","YES","","Rev A","As-captured inventory only. CSR-01 did not freeze this item."
"02_Power_Conversion/R31","02_Power_Conversion","R31","Passives","5.00 kΩ 1%","IPC100:R","1","UNRESOLVED","UNRESOLVED - CSR-01 BLOCKED","5.00 kΩ 1%","5.00 kΩ 1%","UNRESOLVED","UNRESOLVED","Requires exact-part review","Requires exact-part review","As captured where stated; package/derating unresolved","UNRESOLVED","NOT REVIEWED","NOT REVIEWED","NOT REVIEWED","UNRESOLVED","UNRESOLVED","UNRESOLVED","No frozen MPN; prerequisite electrical/mechanical contract or exact-device audit remains open.","Normal","","","","","BLOCKED","Do not source or assign a footprint from this row.","","YES","","Rev A","As-captured inventory only. CSR-01 did not freeze this item."
"02_Power_Conversion/R4","02_Power_Conversion","R4","Passives","100 kΩ","IPC100:R","1","UNRESOLVED","UNRESOLVED - CSR-01 BLOCKED","100 kΩ","100 kΩ","UNRESOLVED","UNRESOLVED","Requires exact-part review","Requires exact-part review","As captured where stated; package/derating unresolved","UNRESOLVED","NOT REVIEWED","NOT REVIEWED","NOT REVIEWED","UNRESOLVED","UNRESOLVED","UNRESOLVED","No frozen MPN; prerequisite electrical/mechanical contract or exact-device audit remains open.","Normal","","","","","BLOCKED","Do not source or assign a footprint from this row.","","YES","","Rev A","As-captured inventory only. CSR-01 did not freeze this item."
"02_Power_Conversion/R5","02_Power_Conversion","R5","Passives","10.2 kΩ 1%","IPC100:R","1","UNRESOLVED","UNRESOLVED - CSR-01 BLOCKED","10.2 kΩ 1%","10.2 kΩ 1%","UNRESOLVED","UNRESOLVED","Requires exact-part review","Requires exact-part review","As captured where stated; package/derating unresolved","UNRESOLVED","NOT REVIEWED","NOT REVIEWED","NOT REVIEWED","UNRESOLVED","UNRESOLVED","UNRESOLVED","No frozen MPN; prerequisite electrical/mechanical contract or exact-device audit remains open.","Normal","","","","","BLOCKED","Do not source or assign a footprint from this row.","","YES","","Rev A","As-captured inventory only. CSR-01 did not freeze this item."
"02_Power_Conversion/R6","02_Power_Conversion","R6","Passives","5.00 kΩ 1%","IPC100:R","1","UNRESOLVED","UNRESOLVED - CSR-01 BLOCKED","5.00 kΩ 1%","5.00 kΩ 1%","UNRESOLVED","UNRESOLVED","Requires exact-part review","Requires exact-part review","As captured where stated; package/derating unresolved","UNRESOLVED","NOT REVIEWED","NOT REVIEWED","NOT REVIEWED","UNRESOLVED","UNRESOLVED","UNRESOLVED","No frozen MPN; prerequisite electrical/mechanical contract or exact-device audit remains open.","Normal","","","","","BLOCKED","Do not source or assign a footprint from this row.","","YES","","Rev A","As-captured inventory only. CSR-01 did not freeze this item."
"02_Power_Conversion/R7","02_Power_Conversion","R7","Passives","23.7 kΩ 1%","IPC100:R","1","UNRESOLVED","UNRESOLVED - CSR-01 BLOCKED","23.7 kΩ 1%","23.7 kΩ 1%","UNRESOLVED","UNRESOLVED","Requires exact-part review","Requires exact-part review","As captured where stated; package/derating unresolved","UNRESOLVED","NOT REVIEWED","NOT REVIEWED","NOT REVIEWED","UNRESOLVED","UNRESOLVED","UNRESOLVED","No frozen MPN; prerequisite electrical/mechanical contract or exact-device audit remains open.","Normal","","","","","BLOCKED","Do not source or assign a footprint from this row.","","YES","","Rev A","As-captured inventory only. CSR-01 did not freeze this item."
"02_Power_Conversion/R8","02_Power_Conversion","R8","Passives","5.00 kΩ 1%","IPC100:R","1","UNRESOLVED","UNRESOLVED - CSR-01 BLOCKED","5.00 kΩ 1%","5.00 kΩ 1%","UNRESOLVED","UNRESOLVED","Requires exact-part review","Requires exact-part review","As captured where stated; package/derating unresolved","UNRESOLVED","NOT REVIEWED","NOT REVIEWED","NOT REVIEWED","UNRESOLVED","UNRESOLVED","UNRESOLVED","No frozen MPN; prerequisite electrical/mechanical contract or exact-device audit remains open.","Normal","","","","","BLOCKED","Do not source or assign a footprint from this row.","","YES","","Rev A","As-captured inventory only. CSR-01 did not freeze this item."
"02_Power_Conversion/R9","02_Power_Conversion","R9","Passives","60.4 kΩ 1% — ≈2 A limit (verify)","IPC100:R","1","UNRESOLVED","UNRESOLVED - CSR-01 BLOCKED","60.4 kΩ 1% — ≈2 A limit (verify)","60.4 kΩ 1% — ≈2 A limit (verify)","UNRESOLVED","UNRESOLVED","Requires exact-part review","Requires exact-part review","As captured where stated; package/derating unresolved","UNRESOLVED","NOT REVIEWED","NOT REVIEWED","NOT REVIEWED","UNRESOLVED","UNRESOLVED","UNRESOLVED","No frozen MPN; prerequisite electrical/mechanical contract or exact-device audit remains open.","Normal","","","","","BLOCKED","Do not source or assign a footprint from this row.","","YES","","Rev A","As-captured inventory only. CSR-01 did not freeze this item."
"02_Power_Conversion/U1","02_Power_Conversion","U1","Power","LMR38020S-Q1 — 400 kHz, spread-spectrum (provisional suffix)","IPC100:IC10","1","UNRESOLVED","UNRESOLVED - CSR-01 BLOCKED","LMR38020S-Q1 — 400 kHz, spread-spectrum (provisional suffix)","LMR38020S-Q1 — 400 kHz, spread-spectrum (provisional suffix)","UNRESOLVED","UNRESOLVED","Requires exact-part review","Requires exact-part review","As captured where stated; package/derating unresolved","UNRESOLVED","NOT REVIEWED","NOT REVIEWED","NOT REVIEWED","UNRESOLVED","UNRESOLVED","UNRESOLVED","No frozen MPN; prerequisite electrical/mechanical contract or exact-device audit remains open.","Major","","","","","BLOCKED","Do not source or assign a footprint from this row.","","YES","","Rev A","As-captured inventory only. CSR-01 did not freeze this item."
"02_Power_Conversion/U10","02_Power_Conversion","U10","I2C","TPS22918-Q1 RELAY logic branch","IPC100:IC10","1","UNRESOLVED","UNRESOLVED - CSR-01 BLOCKED","TPS22918-Q1 RELAY logic branch","TPS22918-Q1 RELAY logic branch","UNRESOLVED","UNRESOLVED","Requires exact-part review","Requires exact-part review","As captured where stated; package/derating unresolved","UNRESOLVED","NOT REVIEWED","NOT REVIEWED","NOT REVIEWED","UNRESOLVED","UNRESOLVED","UNRESOLVED","No frozen MPN; prerequisite electrical/mechanical contract or exact-device audit remains open.","Normal","","","","","BLOCKED","Do not source or assign a footprint from this row.","","YES","","Rev A","As-captured inventory only. CSR-01 did not freeze this item."
"02_Power_Conversion/U11","02_Power_Conversion","U11","I2C","TPS22918-Q1 FIELD-SENSE branch","IPC100:IC10","1","UNRESOLVED","UNRESOLVED - CSR-01 BLOCKED","TPS22918-Q1 FIELD-SENSE branch","TPS22918-Q1 FIELD-SENSE branch","UNRESOLVED","UNRESOLVED","Requires exact-part review","Requires exact-part review","As captured where stated; package/derating unresolved","UNRESOLVED","NOT REVIEWED","NOT REVIEWED","NOT REVIEWED","UNRESOLVED","UNRESOLVED","UNRESOLVED","No frozen MPN; prerequisite electrical/mechanical contract or exact-device audit remains open.","Normal","","","","","BLOCKED","Do not source or assign a footprint from this row.","","YES","","Rev A","As-captured inventory only. CSR-01 did not freeze this item."
"02_Power_Conversion/U12","02_Power_Conversion","U12","Power","TPS2553-Q1 100 mA motor-logic protected switch (provisional)","IPC100:IC10","1","UNRESOLVED","UNRESOLVED - CSR-01 BLOCKED","TPS2553-Q1 100 mA motor-logic protected switch (provisional)","TPS2553-Q1 100 mA motor-logic protected switch (provisional)","UNRESOLVED","UNRESOLVED","Requires exact-part review","Requires exact-part review","As captured where stated; package/derating unresolved","UNRESOLVED","NOT REVIEWED","NOT REVIEWED","NOT REVIEWED","UNRESOLVED","UNRESOLVED","UNRESOLVED","No frozen MPN; prerequisite electrical/mechanical contract or exact-device audit remains open.","Major","","","","","BLOCKED","Do not source or assign a footprint from this row.","","YES","","Rev A","As-captured inventory only. CSR-01 did not freeze this item."
"02_Power_Conversion/U13","02_Power_Conversion","U13","Power","TPS2553-Q1 100 mA motor-logic protected switch (provisional)","IPC100:IC10","1","UNRESOLVED","UNRESOLVED - CSR-01 BLOCKED","TPS2553-Q1 100 mA motor-logic protected switch (provisional)","TPS2553-Q1 100 mA motor-logic protected switch (provisional)","UNRESOLVED","UNRESOLVED","Requires exact-part review","Requires exact-part review","As captured where stated; package/derating unresolved","UNRESOLVED","NOT REVIEWED","NOT REVIEWED","NOT REVIEWED","UNRESOLVED","UNRESOLVED","UNRESOLVED","No frozen MPN; prerequisite electrical/mechanical contract or exact-device audit remains open.","Major","","","","","BLOCKED","Do not source or assign a footprint from this row.","","YES","","Rev A","As-captured inventory only. CSR-01 did not freeze this item."
"02_Power_Conversion/U2","02_Power_Conversion","U2","Power","TPS2121RUXR priority power mux","IPC100:IC10","1","UNRESOLVED","UNRESOLVED - CSR-01 BLOCKED","TPS2121RUXR priority power mux","TPS2121RUXR priority power mux","UNRESOLVED","UNRESOLVED","Requires exact-part review","Requires exact-part review","As captured where stated; package/derating unresolved","UNRESOLVED","NOT REVIEWED","NOT REVIEWED","NOT REVIEWED","UNRESOLVED","UNRESOLVED","UNRESOLVED","No frozen MPN; prerequisite electrical/mechanical contract or exact-device audit remains open.","Major","","","","","BLOCKED","Do not source or assign a footprint from this row.","","YES","","Rev A","As-captured inventory only. CSR-01 did not freeze this item."
"02_Power_Conversion/U3","02_Power_Conversion","U3","Power","TPS62130RGTR adjustable 3 A buck","IPC100:IC10","1","UNRESOLVED","UNRESOLVED - CSR-01 BLOCKED","TPS62130RGTR adjustable 3 A buck","TPS62130RGTR adjustable 3 A buck","UNRESOLVED","UNRESOLVED","Requires exact-part review","Requires exact-part review","As captured where stated; package/derating unresolved","UNRESOLVED","NOT REVIEWED","NOT REVIEWED","NOT REVIEWED","UNRESOLVED","UNRESOLVED","UNRESOLVED","No frozen MPN; prerequisite electrical/mechanical contract or exact-device audit remains open.","Major","","","","","BLOCKED","Do not source or assign a footprint from this row.","","YES","","Rev A","As-captured inventory only. CSR-01 did not freeze this item."
"02_Power_Conversion/U4","02_Power_Conversion","U4","Logic","SN74LVC1G08-Q1 — MAIN_INPUT_VALID AND MAIN_5V_PGOOD","IPC100:IC10","1","UNRESOLVED","UNRESOLVED - CSR-01 BLOCKED","SN74LVC1G08-Q1 — MAIN_INPUT_VALID AND MAIN_5V_PGOOD","SN74LVC1G08-Q1 — MAIN_INPUT_VALID AND MAIN_5V_PGOOD","UNRESOLVED","UNRESOLVED","Requires exact-part review","Requires exact-part review","As captured where stated; package/derating unresolved","UNRESOLVED","NOT REVIEWED","NOT REVIEWED","NOT REVIEWED","UNRESOLVED","UNRESOLVED","UNRESOLVED","No frozen MPN; prerequisite electrical/mechanical contract or exact-device audit remains open.","Major","","","","","BLOCKED","Do not source or assign a footprint from this row.","","YES","","Rev A","As-captured inventory only. CSR-01 did not freeze this item."
"02_Power_Conversion/U5","02_Power_Conversion","U5","Logic","SN74LVC08A-Q1 quad AND — request × MAIN_POWER_GOOD","IPC100:QUAL4","1","UNRESOLVED","UNRESOLVED - CSR-01 BLOCKED","SN74LVC08A-Q1 quad AND — request × MAIN_POWER_GOOD","SN74LVC08A-Q1 quad AND — request × MAIN_POWER_GOOD","UNRESOLVED","UNRESOLVED","Requires exact-part review","Requires exact-part review","As captured where stated; package/derating unresolved","UNRESOLVED","NOT REVIEWED","NOT REVIEWED","NOT REVIEWED","UNRESOLVED","UNRESOLVED","UNRESOLVED","No frozen MPN; prerequisite electrical/mechanical contract or exact-device audit remains open.","Major","","","","","BLOCKED","Do not source or assign a footprint from this row.","","YES","","Rev A","As-captured inventory only. CSR-01 did not freeze this item."
"02_Power_Conversion/U6","02_Power_Conversion","U6","Displays","TPS22918-Q1 OLED load switch","IPC100:IC10","1","UNRESOLVED","UNRESOLVED - CSR-01 BLOCKED","TPS22918-Q1 OLED load switch","TPS22918-Q1 OLED load switch","UNRESOLVED","UNRESOLVED","Requires exact-part review","Requires exact-part review","As captured where stated; package/derating unresolved","UNRESOLVED","NOT REVIEWED","NOT REVIEWED","NOT REVIEWED","UNRESOLVED","UNRESOLVED","UNRESOLVED","No frozen MPN; prerequisite electrical/mechanical contract or exact-device audit remains open.","Normal","","","","","BLOCKED","Do not source or assign a footprint from this row.","","YES","","Rev A","As-captured inventory only. CSR-01 did not freeze this item."
"02_Power_Conversion/U7","02_Power_Conversion","U7","Sensors","TPS22918-Q1 SENSOR load switch","IPC100:IC10","1","UNRESOLVED","UNRESOLVED - CSR-01 BLOCKED","TPS22918-Q1 SENSOR load switch","TPS22918-Q1 SENSOR load switch","UNRESOLVED","UNRESOLVED","Requires exact-part review","Requires exact-part review","As captured where stated; package/derating unresolved","UNRESOLVED","NOT REVIEWED","NOT REVIEWED","NOT REVIEWED","UNRESOLVED","UNRESOLVED","UNRESOLVED","No frozen MPN; prerequisite electrical/mechanical contract or exact-device audit remains open.","Normal","","","","","BLOCKED","Do not source or assign a footprint from this row.","","YES","","Rev A","As-captured inventory only. CSR-01 did not freeze this item."
"02_Power_Conversion/U8","02_Power_Conversion","U8","Power","TPS22918-Q1 UI load switch","IPC100:IC10","1","UNRESOLVED","UNRESOLVED - CSR-01 BLOCKED","TPS22918-Q1 UI load switch","TPS22918-Q1 UI load switch","UNRESOLVED","UNRESOLVED","Requires exact-part review","Requires exact-part review","As captured where stated; package/derating unresolved","UNRESOLVED","NOT REVIEWED","NOT REVIEWED","NOT REVIEWED","UNRESOLVED","UNRESOLVED","UNRESOLVED","No frozen MPN; prerequisite electrical/mechanical contract or exact-device audit remains open.","Major","","","","","BLOCKED","Do not source or assign a footprint from this row.","","YES","","Rev A","As-captured inventory only. CSR-01 did not freeze this item."
"02_Power_Conversion/U9","02_Power_Conversion","U9","Power","TPS2553-Q1 EXPANSION 100 mA protected switch — OPTIONAL/DNP","IPC100:IC10","1","UNRESOLVED","UNRESOLVED - CSR-01 BLOCKED","TPS2553-Q1 EXPANSION 100 mA protected switch — OPTIONAL/DNP","TPS2553-Q1 EXPANSION 100 mA protected switch — OPTIONAL/DNP","UNRESOLVED","UNRESOLVED","Requires exact-part review","Requires exact-part review","As captured where stated; package/derating unresolved","UNRESOLVED","NOT REVIEWED","NOT REVIEWED","NOT REVIEWED","UNRESOLVED","UNRESOLVED","UNRESOLVED","No frozen MPN; prerequisite electrical/mechanical contract or exact-device audit remains open.","Major","","","","","BLOCKED","Do not source or assign a footprint from this row.","","YES","","Rev A","As-captured inventory only. CSR-01 did not freeze this item."
"03_ESP32_Core/C1","03_ESP32_Core","C1","Passives","22 µF effective bulk","IPC100:C","1","UNRESOLVED","UNRESOLVED - CSR-01 BLOCKED","22 µF effective bulk","22 µF effective bulk","UNRESOLVED","UNRESOLVED","Requires exact-part review","Requires exact-part review","As captured where stated; package/derating unresolved","UNRESOLVED","NOT REVIEWED","NOT REVIEWED","NOT REVIEWED","UNRESOLVED","UNRESOLVED","UNRESOLVED","No frozen MPN; prerequisite electrical/mechanical contract or exact-device audit remains open.","Normal","","","","","BLOCKED","Do not source or assign a footprint from this row.","","YES","","Rev A","As-captured inventory only. CSR-01 did not freeze this item."
"03_ESP32_Core/C2","03_ESP32_Core","C2","Passives","1 µF X7R","IPC100:C","1","UNRESOLVED","UNRESOLVED - CSR-01 BLOCKED","1 µF X7R","1 µF X7R","UNRESOLVED","UNRESOLVED","Requires exact-part review","Requires exact-part review","As captured where stated; package/derating unresolved","UNRESOLVED","NOT REVIEWED","NOT REVIEWED","NOT REVIEWED","UNRESOLVED","UNRESOLVED","UNRESOLVED","No frozen MPN; prerequisite electrical/mechanical contract or exact-device audit remains open.","Normal","","","","","BLOCKED","Do not source or assign a footprint from this row.","","YES","","Rev A","As-captured inventory only. CSR-01 did not freeze this item."
"03_ESP32_Core/C3","03_ESP32_Core","C3","Passives","100 nF X7R","IPC100:C","1","UNRESOLVED","UNRESOLVED - CSR-01 BLOCKED","100 nF X7R","100 nF X7R","UNRESOLVED","UNRESOLVED","Requires exact-part review","Requires exact-part review","As captured where stated; package/derating unresolved","UNRESOLVED","NOT REVIEWED","NOT REVIEWED","NOT REVIEWED","UNRESOLVED","UNRESOLVED","UNRESOLVED","No frozen MPN; prerequisite electrical/mechanical contract or exact-device audit remains open.","Normal","","","","","BLOCKED","Do not source or assign a footprint from this row.","","YES","","Rev A","As-captured inventory only. CSR-01 did not freeze this item."
"03_ESP32_Core/C4","03_ESP32_Core","C4","Passives","1 µF EN RC starting value","IPC100:C","1","UNRESOLVED","UNRESOLVED - CSR-01 BLOCKED","1 µF EN RC starting value","1 µF EN RC starting value","UNRESOLVED","UNRESOLVED","Requires exact-part review","Requires exact-part review","As captured where stated; package/derating unresolved","UNRESOLVED","NOT REVIEWED","NOT REVIEWED","NOT REVIEWED","UNRESOLVED","UNRESOLVED","UNRESOLVED","No frozen MPN; prerequisite electrical/mechanical contract or exact-device audit remains open.","Normal","","","","","BLOCKED","Do not source or assign a footprint from this row.","","YES","","Rev A","As-captured inventory only. CSR-01 did not freeze this item."
"03_ESP32_Core/C5","03_ESP32_Core","C5","Passives","10 nF CT — 100 ms target, verify suffix/equation","IPC100:C","1","UNRESOLVED","UNRESOLVED - CSR-01 BLOCKED","10 nF CT — 100 ms target, verify suffix/equation","10 nF CT — 100 ms target, verify suffix/equation","UNRESOLVED","UNRESOLVED","Requires exact-part review","Requires exact-part review","As captured where stated; package/derating unresolved","UNRESOLVED","NOT REVIEWED","NOT REVIEWED","NOT REVIEWED","UNRESOLVED","UNRESOLVED","UNRESOLVED","No frozen MPN; prerequisite electrical/mechanical contract or exact-device audit remains open.","Normal","","","","","BLOCKED","Do not source or assign a footprint from this row.","","YES","","Rev A","As-captured inventory only. CSR-01 did not freeze this item."
"03_ESP32_Core/C6","03_ESP32_Core","C6","Passives","100 nF supervisor bypass","IPC100:C","1","UNRESOLVED","UNRESOLVED - CSR-01 BLOCKED","100 nF supervisor bypass","100 nF supervisor bypass","UNRESOLVED","UNRESOLVED","Requires exact-part review","Requires exact-part review","As captured where stated; package/derating unresolved","UNRESOLVED","NOT REVIEWED","NOT REVIEWED","NOT REVIEWED","UNRESOLVED","UNRESOLVED","UNRESOLVED","No frozen MPN; prerequisite electrical/mechanical contract or exact-device audit remains open.","Normal","","","","","BLOCKED","Do not source or assign a footprint from this row.","","YES","","Rev A","As-captured inventory only. CSR-01 did not freeze this item."
"03_ESP32_Core/R1","03_ESP32_Core","R1","Passives","10 kΩ EN/reset pull-up","IPC100:R","1","UNRESOLVED","UNRESOLVED - CSR-01 BLOCKED","10 kΩ EN/reset pull-up","10 kΩ EN/reset pull-up","UNRESOLVED","UNRESOLVED","Requires exact-part review","Requires exact-part review","As captured where stated; package/derating unresolved","UNRESOLVED","NOT REVIEWED","NOT REVIEWED","NOT REVIEWED","UNRESOLVED","UNRESOLVED","UNRESOLVED","No frozen MPN; prerequisite electrical/mechanical contract or exact-device audit remains open.","Normal","","","","","BLOCKED","Do not source or assign a footprint from this row.","","YES","","Rev A","As-captured inventory only. CSR-01 did not freeze this item."
"03_ESP32_Core/R2","03_ESP32_Core","R2","Passives","10 kΩ GPIO0 boot pull-up","IPC100:R","1","UNRESOLVED","UNRESOLVED - CSR-01 BLOCKED","10 kΩ GPIO0 boot pull-up","10 kΩ GPIO0 boot pull-up","UNRESOLVED","UNRESOLVED","Requires exact-part review","Requires exact-part review","As captured where stated; package/derating unresolved","UNRESOLVED","NOT REVIEWED","NOT REVIEWED","NOT REVIEWED","UNRESOLVED","UNRESOLVED","UNRESOLVED","No frozen MPN; prerequisite electrical/mechanical contract or exact-device audit remains open.","Normal","","","","","BLOCKED","Do not source or assign a footprint from this row.","","YES","","Rev A","As-captured inventory only. CSR-01 did not freeze this item."
"03_ESP32_Core/R3","03_ESP32_Core","R3","Passives","22 Ω USB D- tuning","IPC100:R","1","UNRESOLVED","UNRESOLVED - CSR-01 BLOCKED","22 Ω USB D- tuning","22 Ω USB D- tuning","UNRESOLVED","UNRESOLVED","Requires exact-part review","Requires exact-part review","As captured where stated; package/derating unresolved","UNRESOLVED","NOT REVIEWED","NOT REVIEWED","NOT REVIEWED","UNRESOLVED","UNRESOLVED","UNRESOLVED","No frozen MPN; prerequisite electrical/mechanical contract or exact-device audit remains open.","Normal","","","","","BLOCKED","Do not source or assign a footprint from this row.","","YES","","Rev A","As-captured inventory only. CSR-01 did not freeze this item."
"03_ESP32_Core/R4","03_ESP32_Core","R4","Passives","22 Ω USB D+ tuning","IPC100:R","1","UNRESOLVED","UNRESOLVED - CSR-01 BLOCKED","22 Ω USB D+ tuning","22 Ω USB D+ tuning","UNRESOLVED","UNRESOLVED","Requires exact-part review","Requires exact-part review","As captured where stated; package/derating unresolved","UNRESOLVED","NOT REVIEWED","NOT REVIEWED","NOT REVIEWED","UNRESOLVED","UNRESOLVED","UNRESOLVED","No frozen MPN; prerequisite electrical/mechanical contract or exact-device audit remains open.","Normal","","","","","BLOCKED","Do not source or assign a footprint from this row.","","YES","","Rev A","As-captured inventory only. CSR-01 did not freeze this item."
"03_ESP32_Core/R5","03_ESP32_Core","R5","Passives","499 Ω UART0 TX EMC series","IPC100:R","1","UNRESOLVED","UNRESOLVED - CSR-01 BLOCKED","499 Ω UART0 TX EMC series","499 Ω UART0 TX EMC series","UNRESOLVED","UNRESOLVED","Requires exact-part review","Requires exact-part review","As captured where stated; package/derating unresolved","UNRESOLVED","NOT REVIEWED","NOT REVIEWED","NOT REVIEWED","UNRESOLVED","UNRESOLVED","UNRESOLVED","No frozen MPN; prerequisite electrical/mechanical contract or exact-device audit remains open.","Normal","","","","","BLOCKED","Do not source or assign a footprint from this row.","","YES","","Rev A","As-captured inventory only. CSR-01 did not freeze this item."
"03_ESP32_Core/SW1","03_ESP32_Core","SW1","User Interface","RESET — momentary NO","IPC100:SW","1","UNRESOLVED","UNRESOLVED - CSR-01 BLOCKED","RESET — momentary NO","RESET — momentary NO","UNRESOLVED","UNRESOLVED","Requires exact-part review","Requires exact-part review","As captured where stated; package/derating unresolved","UNRESOLVED","NOT REVIEWED","NOT REVIEWED","NOT REVIEWED","UNRESOLVED","UNRESOLVED","UNRESOLVED","No frozen MPN; prerequisite electrical/mechanical contract or exact-device audit remains open.","Normal","","","","","BLOCKED","Do not source or assign a footprint from this row.","","YES","","Rev A","As-captured inventory only. CSR-01 did not freeze this item."
"03_ESP32_Core/SW2","03_ESP32_Core","SW2","User Interface","BOOT — momentary NO","IPC100:SW","1","UNRESOLVED","UNRESOLVED - CSR-01 BLOCKED","BOOT — momentary NO","BOOT — momentary NO","UNRESOLVED","UNRESOLVED","Requires exact-part review","Requires exact-part review","As captured where stated; package/derating unresolved","UNRESOLVED","NOT REVIEWED","NOT REVIEWED","NOT REVIEWED","UNRESOLVED","UNRESOLVED","UNRESOLVED","No frozen MPN; prerequisite electrical/mechanical contract or exact-device audit remains open.","Normal","","","","","BLOCKED","Do not source or assign a footprint from this row.","","YES","","Rev A","As-captured inventory only. CSR-01 did not freeze this item."
"03_ESP32_Core/U1","03_ESP32_Core","U1","ESP32","ESP32-S3-WROOM-1-N8","IPC100:ESP32S3WROOM1","1","UNRESOLVED","UNRESOLVED - CSR-01 BLOCKED","ESP32-S3-WROOM-1-N8","ESP32-S3-WROOM-1-N8","UNRESOLVED","UNRESOLVED","Requires exact-part review","Requires exact-part review","As captured where stated; package/derating unresolved","UNRESOLVED","NOT REVIEWED","NOT REVIEWED","NOT REVIEWED","UNRESOLVED","UNRESOLVED","UNRESOLVED","No frozen MPN; prerequisite electrical/mechanical contract or exact-device audit remains open.","Major","","","","","BLOCKED","Do not source or assign a footprint from this row.","","YES","","Rev A","As-captured inventory only. CSR-01 did not freeze this item."
"03_ESP32_Core/U2","03_ESP32_Core","U2","Logic","TPS389030-Q1 2.89 V typ / 100 ms target","IPC100:TPS3890","1","UNRESOLVED","UNRESOLVED - CSR-01 BLOCKED","TPS389030-Q1 2.89 V typ / 100 ms target","TPS389030-Q1 2.89 V typ / 100 ms target","UNRESOLVED","UNRESOLVED","Requires exact-part review","Requires exact-part review","As captured where stated; package/derating unresolved","UNRESOLVED","NOT REVIEWED","NOT REVIEWED","NOT REVIEWED","UNRESOLVED","UNRESOLVED","UNRESOLVED","No frozen MPN; prerequisite electrical/mechanical contract or exact-device audit remains open.","Major","","","","","BLOCKED","Do not source or assign a footprint from this row.","","YES","","Rev A","As-captured inventory only. CSR-01 did not freeze this item."
"03_ESP32_Core/U3","03_ESP32_Core","U3","USB","TPD2EUSB30 low-capacitance ESD boundary","IPC100:TPD2EUSB30","1","UNRESOLVED","UNRESOLVED - CSR-01 BLOCKED","TPD2EUSB30 low-capacitance ESD boundary","TPD2EUSB30 low-capacitance ESD boundary","UNRESOLVED","UNRESOLVED","Requires exact-part review","Requires exact-part review","As captured where stated; package/derating unresolved","UNRESOLVED","NOT REVIEWED","NOT REVIEWED","NOT REVIEWED","UNRESOLVED","UNRESOLVED","UNRESOLVED","No frozen MPN; prerequisite electrical/mechanical contract or exact-device audit remains open.","Normal","","","","","BLOCKED","Do not source or assign a footprint from this row.","","YES","","Rev A","As-captured inventory only. CSR-01 did not freeze this item."
"04_Safety_Inputs/C1","04_Safety_Inputs","C1","Passives","100 nF X7R 10 V","IPC100:C","1","UNRESOLVED","UNRESOLVED - CSR-01 BLOCKED","100 nF X7R 10 V","100 nF X7R 10 V","UNRESOLVED","UNRESOLVED","Requires exact-part review","Requires exact-part review","As captured where stated; package/derating unresolved","UNRESOLVED","NOT REVIEWED","NOT REVIEWED","NOT REVIEWED","UNRESOLVED","UNRESOLVED","UNRESOLVED","No frozen MPN; prerequisite electrical/mechanical contract or exact-device audit remains open.","Normal","","","","","BLOCKED","Do not source or assign a footprint from this row.","","YES","","Rev A","As-captured inventory only. CSR-01 did not freeze this item."
"04_Safety_Inputs/C10","04_Safety_Inputs","C10","Passives","100 nF X7R LM339B-Q1 local bypass","IPC100:C","1","UNRESOLVED","UNRESOLVED - CSR-01 BLOCKED","100 nF X7R LM339B-Q1 local bypass","100 nF X7R LM339B-Q1 local bypass","UNRESOLVED","UNRESOLVED","Requires exact-part review","Requires exact-part review","As captured where stated; package/derating unresolved","UNRESOLVED","NOT REVIEWED","NOT REVIEWED","NOT REVIEWED","UNRESOLVED","UNRESOLVED","UNRESOLVED","No frozen MPN; prerequisite electrical/mechanical contract or exact-device audit remains open.","Normal","","","","","BLOCKED","Do not source or assign a footprint from this row.","","YES","","Rev A","As-captured inventory only. CSR-01 did not freeze this item."
"04_Safety_Inputs/C11","04_Safety_Inputs","C11","Passives","100 nF X7R LM339B-Q1 local bypass","IPC100:C","1","UNRESOLVED","UNRESOLVED - CSR-01 BLOCKED","100 nF X7R LM339B-Q1 local bypass","100 nF X7R LM339B-Q1 local bypass","UNRESOLVED","UNRESOLVED","Requires exact-part review","Requires exact-part review","As captured where stated; package/derating unresolved","UNRESOLVED","NOT REVIEWED","NOT REVIEWED","NOT REVIEWED","UNRESOLVED","UNRESOLVED","UNRESOLVED","No frozen MPN; prerequisite electrical/mechanical contract or exact-device audit remains open.","Normal","","","","","BLOCKED","Do not source or assign a footprint from this row.","","YES","","Rev A","As-captured inventory only. CSR-01 did not freeze this item."
"04_Safety_Inputs/C12","04_Safety_Inputs","C12","Passives","100 nF X7R LM339B-Q1 local bypass","IPC100:C","1","UNRESOLVED","UNRESOLVED - CSR-01 BLOCKED","100 nF X7R LM339B-Q1 local bypass","100 nF X7R LM339B-Q1 local bypass","UNRESOLVED","UNRESOLVED","Requires exact-part review","Requires exact-part review","As captured where stated; package/derating unresolved","UNRESOLVED","NOT REVIEWED","NOT REVIEWED","NOT REVIEWED","UNRESOLVED","UNRESOLVED","UNRESOLVED","No frozen MPN; prerequisite electrical/mechanical contract or exact-device audit remains open.","Normal","","","","","BLOCKED","Do not source or assign a footprint from this row.","","YES","","Rev A","As-captured inventory only. CSR-01 did not freeze this item."
"04_Safety_Inputs/C13","04_Safety_Inputs","C13","Passives","1 µF X7R local logic bulk","IPC100:C","1","UNRESOLVED","UNRESOLVED - CSR-01 BLOCKED","1 µF X7R local logic bulk","1 µF X7R local logic bulk","UNRESOLVED","UNRESOLVED","Requires exact-part review","Requires exact-part review","As captured where stated; package/derating unresolved","UNRESOLVED","NOT REVIEWED","NOT REVIEWED","NOT REVIEWED","UNRESOLVED","UNRESOLVED","UNRESOLVED","No frozen MPN; prerequisite electrical/mechanical contract or exact-device audit remains open.","Normal","","","","","BLOCKED","Do not source or assign a footprint from this row.","","YES","","Rev A","As-captured inventory only. CSR-01 did not freeze this item."
"04_Safety_Inputs/C2","04_Safety_Inputs","C2","Passives","100 nF X7R 10 V","IPC100:C","1","UNRESOLVED","UNRESOLVED - CSR-01 BLOCKED","100 nF X7R 10 V","100 nF X7R 10 V","UNRESOLVED","UNRESOLVED","Requires exact-part review","Requires exact-part review","As captured where stated; package/derating unresolved","UNRESOLVED","NOT REVIEWED","NOT REVIEWED","NOT REVIEWED","UNRESOLVED","UNRESOLVED","UNRESOLVED","No frozen MPN; prerequisite electrical/mechanical contract or exact-device audit remains open.","Normal","","","","","BLOCKED","Do not source or assign a footprint from this row.","","YES","","Rev A","As-captured inventory only. CSR-01 did not freeze this item."
"04_Safety_Inputs/C3","04_Safety_Inputs","C3","Passives","100 nF X7R/C0G, τ=100 µs","IPC100:C","1","UNRESOLVED","UNRESOLVED - CSR-01 BLOCKED","100 nF X7R/C0G, τ=100 µs","100 nF X7R/C0G, τ=100 µs","UNRESOLVED","UNRESOLVED","Requires exact-part review","Requires exact-part review","As captured where stated; package/derating unresolved","UNRESOLVED","NOT REVIEWED","NOT REVIEWED","NOT REVIEWED","UNRESOLVED","UNRESOLVED","UNRESOLVED","No frozen MPN; prerequisite electrical/mechanical contract or exact-device audit remains open.","Normal","","","","","BLOCKED","Do not source or assign a footprint from this row.","","YES","","Rev A","As-captured inventory only. CSR-01 did not freeze this item."
"04_Safety_Inputs/C4","04_Safety_Inputs","C4","Passives","100 nF X7R/C0G, τ=100 µs","IPC100:C","1","UNRESOLVED","UNRESOLVED - CSR-01 BLOCKED","100 nF X7R/C0G, τ=100 µs","100 nF X7R/C0G, τ=100 µs","UNRESOLVED","UNRESOLVED","Requires exact-part review","Requires exact-part review","As captured where stated; package/derating unresolved","UNRESOLVED","NOT REVIEWED","NOT REVIEWED","NOT REVIEWED","UNRESOLVED","UNRESOLVED","UNRESOLVED","No frozen MPN; prerequisite electrical/mechanical contract or exact-device audit remains open.","Normal","","","","","BLOCKED","Do not source or assign a footprint from this row.","","YES","","Rev A","As-captured inventory only. CSR-01 did not freeze this item."
"04_Safety_Inputs/C5","04_Safety_Inputs","C5","Passives","100 nF X7R/C0G, τ=100 µs","IPC100:C","1","UNRESOLVED","UNRESOLVED - CSR-01 BLOCKED","100 nF X7R/C0G, τ=100 µs","100 nF X7R/C0G, τ=100 µs","UNRESOLVED","UNRESOLVED","Requires exact-part review","Requires exact-part review","As captured where stated; package/derating unresolved","UNRESOLVED","NOT REVIEWED","NOT REVIEWED","NOT REVIEWED","UNRESOLVED","UNRESOLVED","UNRESOLVED","No frozen MPN; prerequisite electrical/mechanical contract or exact-device audit remains open.","Normal","","","","","BLOCKED","Do not source or assign a footprint from this row.","","YES","","Rev A","As-captured inventory only. CSR-01 did not freeze this item."
"04_Safety_Inputs/C6","04_Safety_Inputs","C6","Passives","100 nF X7R/C0G, τ=100 µs","IPC100:C","1","UNRESOLVED","UNRESOLVED - CSR-01 BLOCKED","100 nF X7R/C0G, τ=100 µs","100 nF X7R/C0G, τ=100 µs","UNRESOLVED","UNRESOLVED","Requires exact-part review","Requires exact-part review","As captured where stated; package/derating unresolved","UNRESOLVED","NOT REVIEWED","NOT REVIEWED","NOT REVIEWED","UNRESOLVED","UNRESOLVED","UNRESOLVED","No frozen MPN; prerequisite electrical/mechanical contract or exact-device audit remains open.","Normal","","","","","BLOCKED","Do not source or assign a footprint from this row.","","YES","","Rev A","As-captured inventory only. CSR-01 did not freeze this item."
"04_Safety_Inputs/C7","04_Safety_Inputs","C7","Passives","100 nF X7R/C0G, τ=100 µs","IPC100:C","1","UNRESOLVED","UNRESOLVED - CSR-01 BLOCKED","100 nF X7R/C0G, τ=100 µs","100 nF X7R/C0G, τ=100 µs","UNRESOLVED","UNRESOLVED","Requires exact-part review","Requires exact-part review","As captured where stated; package/derating unresolved","UNRESOLVED","NOT REVIEWED","NOT REVIEWED","NOT REVIEWED","UNRESOLVED","UNRESOLVED","UNRESOLVED","No frozen MPN; prerequisite electrical/mechanical contract or exact-device audit remains open.","Normal","","","","","BLOCKED","Do not source or assign a footprint from this row.","","YES","","Rev A","As-captured inventory only. CSR-01 did not freeze this item."
"04_Safety_Inputs/C8","04_Safety_Inputs","C8","Passives","100 nF X7R, τ=100 µs","IPC100:C","1","UNRESOLVED","UNRESOLVED - CSR-01 BLOCKED","100 nF X7R, τ=100 µs","100 nF X7R, τ=100 µs","UNRESOLVED","UNRESOLVED","Requires exact-part review","Requires exact-part review","As captured where stated; package/derating unresolved","UNRESOLVED","NOT REVIEWED","NOT REVIEWED","NOT REVIEWED","UNRESOLVED","UNRESOLVED","UNRESOLVED","No frozen MPN; prerequisite electrical/mechanical contract or exact-device audit remains open.","Normal","","","","","BLOCKED","Do not source or assign a footprint from this row.","","YES","","Rev A","As-captured inventory only. CSR-01 did not freeze this item."
"04_Safety_Inputs/C9","04_Safety_Inputs","C9","Passives","100 nF X7R, τ=100 µs","IPC100:C","1","UNRESOLVED","UNRESOLVED - CSR-01 BLOCKED","100 nF X7R, τ=100 µs","100 nF X7R, τ=100 µs","UNRESOLVED","UNRESOLVED","Requires exact-part review","Requires exact-part review","As captured where stated; package/derating unresolved","UNRESOLVED","NOT REVIEWED","NOT REVIEWED","NOT REVIEWED","UNRESOLVED","UNRESOLVED","UNRESOLVED","No frozen MPN; prerequisite electrical/mechanical contract or exact-device audit remains open.","Normal","","","","","BLOCKED","Do not source or assign a footprint from this row.","","YES","","Rev A","As-captured inventory only. CSR-01 did not freeze this item."
"04_Safety_Inputs/D1","04_Safety_Inputs","D1","Protection","TPD4E05U06 channel / low-cap ESD clamp","IPC100:D","1","UNRESOLVED","UNRESOLVED - CSR-01 BLOCKED","TPD4E05U06 channel / low-cap ESD clamp","TPD4E05U06 channel / low-cap ESD clamp","UNRESOLVED","UNRESOLVED","Requires exact-part review","Requires exact-part review","As captured where stated; package/derating unresolved","UNRESOLVED","NOT REVIEWED","NOT REVIEWED","NOT REVIEWED","UNRESOLVED","UNRESOLVED","UNRESOLVED","No frozen MPN; prerequisite electrical/mechanical contract or exact-device audit remains open.","Major","","","","","BLOCKED","Do not source or assign a footprint from this row.","","YES","","Rev A","As-captured inventory only. CSR-01 did not freeze this item."
"04_Safety_Inputs/D2","04_Safety_Inputs","D2","Protection","TPD4E05U06 channel / low-cap ESD clamp","IPC100:D","1","UNRESOLVED","UNRESOLVED - CSR-01 BLOCKED","TPD4E05U06 channel / low-cap ESD clamp","TPD4E05U06 channel / low-cap ESD clamp","UNRESOLVED","UNRESOLVED","Requires exact-part review","Requires exact-part review","As captured where stated; package/derating unresolved","UNRESOLVED","NOT REVIEWED","NOT REVIEWED","NOT REVIEWED","UNRESOLVED","UNRESOLVED","UNRESOLVED","No frozen MPN; prerequisite electrical/mechanical contract or exact-device audit remains open.","Major","","","","","BLOCKED","Do not source or assign a footprint from this row.","","YES","","Rev A","As-captured inventory only. CSR-01 did not freeze this item."
"04_Safety_Inputs/D3","04_Safety_Inputs","D3","Protection","TPD4E05U06 channel / low-cap ESD clamp","IPC100:D","1","UNRESOLVED","UNRESOLVED - CSR-01 BLOCKED","TPD4E05U06 channel / low-cap ESD clamp","TPD4E05U06 channel / low-cap ESD clamp","UNRESOLVED","UNRESOLVED","Requires exact-part review","Requires exact-part review","As captured where stated; package/derating unresolved","UNRESOLVED","NOT REVIEWED","NOT REVIEWED","NOT REVIEWED","UNRESOLVED","UNRESOLVED","UNRESOLVED","No frozen MPN; prerequisite electrical/mechanical contract or exact-device audit remains open.","Major","","","","","BLOCKED","Do not source or assign a footprint from this row.","","YES","","Rev A","As-captured inventory only. CSR-01 did not freeze this item."
"04_Safety_Inputs/D4","04_Safety_Inputs","D4","Protection","TPD4E05U06 channel / low-cap ESD clamp","IPC100:D","1","UNRESOLVED","UNRESOLVED - CSR-01 BLOCKED","TPD4E05U06 channel / low-cap ESD clamp","TPD4E05U06 channel / low-cap ESD clamp","UNRESOLVED","UNRESOLVED","Requires exact-part review","Requires exact-part review","As captured where stated; package/derating unresolved","UNRESOLVED","NOT REVIEWED","NOT REVIEWED","NOT REVIEWED","UNRESOLVED","UNRESOLVED","UNRESOLVED","No frozen MPN; prerequisite electrical/mechanical contract or exact-device audit remains open.","Major","","","","","BLOCKED","Do not source or assign a footprint from this row.","","YES","","Rev A","As-captured inventory only. CSR-01 did not freeze this item."
"04_Safety_Inputs/D5","04_Safety_Inputs","D5","Protection","TPD4E05U06 channel / low-cap ESD clamp","IPC100:D","1","UNRESOLVED","UNRESOLVED - CSR-01 BLOCKED","TPD4E05U06 channel / low-cap ESD clamp","TPD4E05U06 channel / low-cap ESD clamp","UNRESOLVED","UNRESOLVED","Requires exact-part review","Requires exact-part review","As captured where stated; package/derating unresolved","UNRESOLVED","NOT REVIEWED","NOT REVIEWED","NOT REVIEWED","UNRESOLVED","UNRESOLVED","UNRESOLVED","No frozen MPN; prerequisite electrical/mechanical contract or exact-device audit remains open.","Major","","","","","BLOCKED","Do not source or assign a footprint from this row.","","YES","","Rev A","As-captured inventory only. CSR-01 did not freeze this item."
"04_Safety_Inputs/D6","04_Safety_Inputs","D6","Protection","TPD4E05U06 channel / low-cap ESD clamp","IPC100:D","1","UNRESOLVED","UNRESOLVED - CSR-01 BLOCKED","TPD4E05U06 channel / low-cap ESD clamp","TPD4E05U06 channel / low-cap ESD clamp","UNRESOLVED","UNRESOLVED","Requires exact-part review","Requires exact-part review","As captured where stated; package/derating unresolved","UNRESOLVED","NOT REVIEWED","NOT REVIEWED","NOT REVIEWED","UNRESOLVED","UNRESOLVED","UNRESOLVED","No frozen MPN; prerequisite electrical/mechanical contract or exact-device audit remains open.","Major","","","","","BLOCKED","Do not source or assign a footprint from this row.","","YES","","Rev A","As-captured inventory only. CSR-01 did not freeze this item."
"04_Safety_Inputs/D7","04_Safety_Inputs","D7","Protection","TPD4E05U06 channel / low-cap ESD clamp","IPC100:D","1","UNRESOLVED","UNRESOLVED - CSR-01 BLOCKED","TPD4E05U06 channel / low-cap ESD clamp","TPD4E05U06 channel / low-cap ESD clamp","UNRESOLVED","UNRESOLVED","Requires exact-part review","Requires exact-part review","As captured where stated; package/derating unresolved","UNRESOLVED","NOT REVIEWED","NOT REVIEWED","NOT REVIEWED","UNRESOLVED","UNRESOLVED","UNRESOLVED","No frozen MPN; prerequisite electrical/mechanical contract or exact-device audit remains open.","Major","","","","","BLOCKED","Do not source or assign a footprint from this row.","","YES","","Rev A","As-captured inventory only. CSR-01 did not freeze this item."
"04_Safety_Inputs/R1","04_Safety_Inputs","R1","Passives","10.0 kΩ ±0.1% threshold ladder","IPC100:R","1","UNRESOLVED","UNRESOLVED - CSR-01 BLOCKED","10.0 kΩ ±0.1% threshold ladder","10.0 kΩ ±0.1% threshold ladder","UNRESOLVED","UNRESOLVED","Requires exact-part review","Requires exact-part review","As captured where stated; package/derating unresolved","UNRESOLVED","NOT REVIEWED","NOT REVIEWED","NOT REVIEWED","UNRESOLVED","UNRESOLVED","UNRESOLVED","No frozen MPN; prerequisite electrical/mechanical contract or exact-device audit remains open.","Normal","","","","","BLOCKED","Do not source or assign a footprint from this row.","","YES","","Rev A","As-captured inventory only. CSR-01 did not freeze this item."
"04_Safety_Inputs/R10","04_Safety_Inputs","R10","Passives","2.20 kΩ ±1% loop excitation","IPC100:R","1","UNRESOLVED","UNRESOLVED - CSR-01 BLOCKED","2.20 kΩ ±1% loop excitation","2.20 kΩ ±1% loop excitation","UNRESOLVED","UNRESOLVED","Requires exact-part review","Requires exact-part review","As captured where stated; package/derating unresolved","UNRESOLVED","NOT REVIEWED","NOT REVIEWED","NOT REVIEWED","UNRESOLVED","UNRESOLVED","UNRESOLVED","No frozen MPN; prerequisite electrical/mechanical contract or exact-device audit remains open.","Normal","","","","","BLOCKED","Do not source or assign a footprint from this row.","","YES","","Rev A","As-captured inventory only. CSR-01 did not freeze this item."
"04_Safety_Inputs/R11","04_Safety_Inputs","R11","Passives","1.00 kΩ ±1% protected series","IPC100:R","1","UNRESOLVED","UNRESOLVED - CSR-01 BLOCKED","1.00 kΩ ±1% protected series","1.00 kΩ ±1% protected series","UNRESOLVED","UNRESOLVED","Requires exact-part review","Requires exact-part review","As captured where stated; package/derating unresolved","UNRESOLVED","NOT REVIEWED","NOT REVIEWED","NOT REVIEWED","UNRESOLVED","UNRESOLVED","UNRESOLVED","No frozen MPN; prerequisite electrical/mechanical contract or exact-device audit remains open.","Normal","","","","","BLOCKED","Do not source or assign a footprint from this row.","","YES","","Rev A","As-captured inventory only. CSR-01 did not freeze this item."
"04_Safety_Inputs/R12","04_Safety_Inputs","R12","Passives","2.20 kΩ ±1% loop excitation","IPC100:R","1","UNRESOLVED","UNRESOLVED - CSR-01 BLOCKED","2.20 kΩ ±1% loop excitation","2.20 kΩ ±1% loop excitation","UNRESOLVED","UNRESOLVED","Requires exact-part review","Requires exact-part review","As captured where stated; package/derating unresolved","UNRESOLVED","NOT REVIEWED","NOT REVIEWED","NOT REVIEWED","UNRESOLVED","UNRESOLVED","UNRESOLVED","No frozen MPN; prerequisite electrical/mechanical contract or exact-device audit remains open.","Normal","","","","","BLOCKED","Do not source or assign a footprint from this row.","","YES","","Rev A","As-captured inventory only. CSR-01 did not freeze this item."
"04_Safety_Inputs/R13","04_Safety_Inputs","R13","Passives","1.00 kΩ ±1% protected series","IPC100:R","1","UNRESOLVED","UNRESOLVED - CSR-01 BLOCKED","1.00 kΩ ±1% protected series","1.00 kΩ ±1% protected series","UNRESOLVED","UNRESOLVED","Requires exact-part review","Requires exact-part review","As captured where stated; package/derating unresolved","UNRESOLVED","NOT REVIEWED","NOT REVIEWED","NOT REVIEWED","UNRESOLVED","UNRESOLVED","UNRESOLVED","No frozen MPN; prerequisite electrical/mechanical contract or exact-device audit remains open.","Normal","","","","","BLOCKED","Do not source or assign a footprint from this row.","","YES","","Rev A","As-captured inventory only. CSR-01 did not freeze this item."
"04_Safety_Inputs/R14","04_Safety_Inputs","R14","Passives","2.20 kΩ ±1% loop excitation","IPC100:R","1","UNRESOLVED","UNRESOLVED - CSR-01 BLOCKED","2.20 kΩ ±1% loop excitation","2.20 kΩ ±1% loop excitation","UNRESOLVED","UNRESOLVED","Requires exact-part review","Requires exact-part review","As captured where stated; package/derating unresolved","UNRESOLVED","NOT REVIEWED","NOT REVIEWED","NOT REVIEWED","UNRESOLVED","UNRESOLVED","UNRESOLVED","No frozen MPN; prerequisite electrical/mechanical contract or exact-device audit remains open.","Normal","","","","","BLOCKED","Do not source or assign a footprint from this row.","","YES","","Rev A","As-captured inventory only. CSR-01 did not freeze this item."
"04_Safety_Inputs/R15","04_Safety_Inputs","R15","Passives","1.00 kΩ ±1% protected series","IPC100:R","1","UNRESOLVED","UNRESOLVED - CSR-01 BLOCKED","1.00 kΩ ±1% protected series","1.00 kΩ ±1% protected series","UNRESOLVED","UNRESOLVED","Requires exact-part review","Requires exact-part review","As captured where stated; package/derating unresolved","UNRESOLVED","NOT REVIEWED","NOT REVIEWED","NOT REVIEWED","UNRESOLVED","UNRESOLVED","UNRESOLVED","No frozen MPN; prerequisite electrical/mechanical contract or exact-device audit remains open.","Normal","","","","","BLOCKED","Do not source or assign a footprint from this row.","","YES","","Rev A","As-captured inventory only. CSR-01 did not freeze this item."
"04_Safety_Inputs/R16","04_Safety_Inputs","R16","Passives","2.20 kΩ ±1% loop excitation","IPC100:R","1","UNRESOLVED","UNRESOLVED - CSR-01 BLOCKED","2.20 kΩ ±1% loop excitation","2.20 kΩ ±1% loop excitation","UNRESOLVED","UNRESOLVED","Requires exact-part review","Requires exact-part review","As captured where stated; package/derating unresolved","UNRESOLVED","NOT REVIEWED","NOT REVIEWED","NOT REVIEWED","UNRESOLVED","UNRESOLVED","UNRESOLVED","No frozen MPN; prerequisite electrical/mechanical contract or exact-device audit remains open.","Normal","","","","","BLOCKED","Do not source or assign a footprint from this row.","","YES","","Rev A","As-captured inventory only. CSR-01 did not freeze this item."
"04_Safety_Inputs/R17","04_Safety_Inputs","R17","Passives","1.00 kΩ ±1% protected series","IPC100:R","1","UNRESOLVED","UNRESOLVED - CSR-01 BLOCKED","1.00 kΩ ±1% protected series","1.00 kΩ ±1% protected series","UNRESOLVED","UNRESOLVED","Requires exact-part review","Requires exact-part review","As captured where stated; package/derating unresolved","UNRESOLVED","NOT REVIEWED","NOT REVIEWED","NOT REVIEWED","UNRESOLVED","UNRESOLVED","UNRESOLVED","No frozen MPN; prerequisite electrical/mechanical contract or exact-device audit remains open.","Normal","","","","","BLOCKED","Do not source or assign a footprint from this row.","","YES","","Rev A","As-captured inventory only. CSR-01 did not freeze this item."
"04_Safety_Inputs/R18","04_Safety_Inputs","R18","Passives","100 kΩ fail-high bias","IPC100:R","1","UNRESOLVED","UNRESOLVED - CSR-01 BLOCKED","100 kΩ fail-high bias","100 kΩ fail-high bias","UNRESOLVED","UNRESOLVED","Requires exact-part review","Requires exact-part review","As captured where stated; package/derating unresolved","UNRESOLVED","NOT REVIEWED","NOT REVIEWED","NOT REVIEWED","UNRESOLVED","UNRESOLVED","UNRESOLVED","No frozen MPN; prerequisite electrical/mechanical contract or exact-device audit remains open.","Normal","","","","","BLOCKED","Do not source or assign a footprint from this row.","","YES","","Rev A","As-captured inventory only. CSR-01 did not freeze this item."
"04_Safety_Inputs/R19","04_Safety_Inputs","R19","Passives","10.0 kΩ ±1% main-only wetting/bias","IPC100:R","1","UNRESOLVED","UNRESOLVED - CSR-01 BLOCKED","10.0 kΩ ±1% main-only wetting/bias","10.0 kΩ ±1% main-only wetting/bias","UNRESOLVED","UNRESOLVED","Requires exact-part review","Requires exact-part review","As captured where stated; package/derating unresolved","UNRESOLVED","NOT REVIEWED","NOT REVIEWED","NOT REVIEWED","UNRESOLVED","UNRESOLVED","UNRESOLVED","No frozen MPN; prerequisite electrical/mechanical contract or exact-device audit remains open.","Normal","","","","","BLOCKED","Do not source or assign a footprint from this row.","","YES","","Rev A","As-captured inventory only. CSR-01 did not freeze this item."
"04_Safety_Inputs/R2","04_Safety_Inputs","R2","Passives","10.0 kΩ ±0.1%","IPC100:R","1","UNRESOLVED","UNRESOLVED - CSR-01 BLOCKED","10.0 kΩ ±0.1%","10.0 kΩ ±0.1%","UNRESOLVED","UNRESOLVED","Requires exact-part review","Requires exact-part review","As captured where stated; package/derating unresolved","UNRESOLVED","NOT REVIEWED","NOT REVIEWED","NOT REVIEWED","UNRESOLVED","UNRESOLVED","UNRESOLVED","No frozen MPN; prerequisite electrical/mechanical contract or exact-device audit remains open.","Normal","","","","","BLOCKED","Do not source or assign a footprint from this row.","","YES","","Rev A","As-captured inventory only. CSR-01 did not freeze this item."
"04_Safety_Inputs/R20","04_Safety_Inputs","R20","Passives","1.00 kΩ ±1% protected series","IPC100:R","1","UNRESOLVED","UNRESOLVED - CSR-01 BLOCKED","1.00 kΩ ±1% protected series","1.00 kΩ ±1% protected series","UNRESOLVED","UNRESOLVED","Requires exact-part review","Requires exact-part review","As captured where stated; package/derating unresolved","UNRESOLVED","NOT REVIEWED","NOT REVIEWED","NOT REVIEWED","UNRESOLVED","UNRESOLVED","UNRESOLVED","No frozen MPN; prerequisite electrical/mechanical contract or exact-device audit remains open.","Normal","","","","","BLOCKED","Do not source or assign a footprint from this row.","","YES","","Rev A","As-captured inventory only. CSR-01 did not freeze this item."
"04_Safety_Inputs/R21","04_Safety_Inputs","R21","Passives","100 kΩ deterministic field-off pull-down","IPC100:R","1","UNRESOLVED","UNRESOLVED - CSR-01 BLOCKED","100 kΩ deterministic field-off pull-down","100 kΩ deterministic field-off pull-down","UNRESOLVED","UNRESOLVED","Requires exact-part review","Requires exact-part review","As captured where stated; package/derating unresolved","UNRESOLVED","NOT REVIEWED","NOT REVIEWED","NOT REVIEWED","UNRESOLVED","UNRESOLVED","UNRESOLVED","No frozen MPN; prerequisite electrical/mechanical contract or exact-device audit remains open.","Normal","","","","","BLOCKED","Do not source or assign a footprint from this row.","","YES","","Rev A","As-captured inventory only. CSR-01 did not freeze this item."
"04_Safety_Inputs/R22","04_Safety_Inputs","R22","Passives","10.0 kΩ ±1% main-only wetting/bias","IPC100:R","1","UNRESOLVED","UNRESOLVED - CSR-01 BLOCKED","10.0 kΩ ±1% main-only wetting/bias","10.0 kΩ ±1% main-only wetting/bias","UNRESOLVED","UNRESOLVED","Requires exact-part review","Requires exact-part review","As captured where stated; package/derating unresolved","UNRESOLVED","NOT REVIEWED","NOT REVIEWED","NOT REVIEWED","UNRESOLVED","UNRESOLVED","UNRESOLVED","No frozen MPN; prerequisite electrical/mechanical contract or exact-device audit remains open.","Normal","","","","","BLOCKED","Do not source or assign a footprint from this row.","","YES","","Rev A","As-captured inventory only. CSR-01 did not freeze this item."
"04_Safety_Inputs/R23","04_Safety_Inputs","R23","Passives","1.00 kΩ ±1% protected series","IPC100:R","1","UNRESOLVED","UNRESOLVED - CSR-01 BLOCKED","1.00 kΩ ±1% protected series","1.00 kΩ ±1% protected series","UNRESOLVED","UNRESOLVED","Requires exact-part review","Requires exact-part review","As captured where stated; package/derating unresolved","UNRESOLVED","NOT REVIEWED","NOT REVIEWED","NOT REVIEWED","UNRESOLVED","UNRESOLVED","UNRESOLVED","No frozen MPN; prerequisite electrical/mechanical contract or exact-device audit remains open.","Normal","","","","","BLOCKED","Do not source or assign a footprint from this row.","","YES","","Rev A","As-captured inventory only. CSR-01 did not freeze this item."
"04_Safety_Inputs/R24","04_Safety_Inputs","R24","Passives","100 kΩ deterministic field-off pull-down","IPC100:R","1","UNRESOLVED","UNRESOLVED - CSR-01 BLOCKED","100 kΩ deterministic field-off pull-down","100 kΩ deterministic field-off pull-down","UNRESOLVED","UNRESOLVED","Requires exact-part review","Requires exact-part review","As captured where stated; package/derating unresolved","UNRESOLVED","NOT REVIEWED","NOT REVIEWED","NOT REVIEWED","UNRESOLVED","UNRESOLVED","UNRESOLVED","No frozen MPN; prerequisite electrical/mechanical contract or exact-device audit remains open.","Normal","","","","","BLOCKED","Do not source or assign a footprint from this row.","","YES","","Rev A","As-captured inventory only. CSR-01 did not freeze this item."
"04_Safety_Inputs/R3","04_Safety_Inputs","R3","Passives","10.0 kΩ ±0.1%","IPC100:R","1","UNRESOLVED","UNRESOLVED - CSR-01 BLOCKED","10.0 kΩ ±0.1%","10.0 kΩ ±0.1%","UNRESOLVED","UNRESOLVED","Requires exact-part review","Requires exact-part review","As captured where stated; package/derating unresolved","UNRESOLVED","NOT REVIEWED","NOT REVIEWED","NOT REVIEWED","UNRESOLVED","UNRESOLVED","UNRESOLVED","No frozen MPN; prerequisite electrical/mechanical contract or exact-device audit remains open.","Normal","","","","","BLOCKED","Do not source or assign a footprint from this row.","","YES","","Rev A","As-captured inventory only. CSR-01 did not freeze this item."
"04_Safety_Inputs/R4","04_Safety_Inputs","R4","Passives","10.0 kΩ ±0.1%","IPC100:R","1","UNRESOLVED","UNRESOLVED - CSR-01 BLOCKED","10.0 kΩ ±0.1%","10.0 kΩ ±0.1%","UNRESOLVED","UNRESOLVED","Requires exact-part review","Requires exact-part review","As captured where stated; package/derating unresolved","UNRESOLVED","NOT REVIEWED","NOT REVIEWED","NOT REVIEWED","UNRESOLVED","UNRESOLVED","UNRESOLVED","No frozen MPN; prerequisite electrical/mechanical contract or exact-device audit remains open.","Normal","","","","","BLOCKED","Do not source or assign a footprint from this row.","","YES","","Rev A","As-captured inventory only. CSR-01 did not freeze this item."
"04_Safety_Inputs/R5","04_Safety_Inputs","R5","Passives","10.0 kΩ ±0.1%","IPC100:R","1","UNRESOLVED","UNRESOLVED - CSR-01 BLOCKED","10.0 kΩ ±0.1%","10.0 kΩ ±0.1%","UNRESOLVED","UNRESOLVED","Requires exact-part review","Requires exact-part review","As captured where stated; package/derating unresolved","UNRESOLVED","NOT REVIEWED","NOT REVIEWED","NOT REVIEWED","UNRESOLVED","UNRESOLVED","UNRESOLVED","No frozen MPN; prerequisite electrical/mechanical contract or exact-device audit remains open.","Normal","","","","","BLOCKED","Do not source or assign a footprint from this row.","","YES","","Rev A","As-captured inventory only. CSR-01 did not freeze this item."
"04_Safety_Inputs/R6","04_Safety_Inputs","R6","Passives","10.0 kΩ ±1% field detector top","IPC100:R","1","UNRESOLVED","UNRESOLVED - CSR-01 BLOCKED","10.0 kΩ ±1% field detector top","10.0 kΩ ±1% field detector top","UNRESOLVED","UNRESOLVED","Requires exact-part review","Requires exact-part review","As captured where stated; package/derating unresolved","UNRESOLVED","NOT REVIEWED","NOT REVIEWED","NOT REVIEWED","UNRESOLVED","UNRESOLVED","UNRESOLVED","No frozen MPN; prerequisite electrical/mechanical contract or exact-device audit remains open.","Normal","","","","","BLOCKED","Do not source or assign a footprint from this row.","","YES","","Rev A","As-captured inventory only. CSR-01 did not freeze this item."
"04_Safety_Inputs/R7","04_Safety_Inputs","R7","Passives","20.0 kΩ ±1% field detector bottom","IPC100:R","1","UNRESOLVED","UNRESOLVED - CSR-01 BLOCKED","20.0 kΩ ±1% field detector bottom","20.0 kΩ ±1% field detector bottom","UNRESOLVED","UNRESOLVED","Requires exact-part review","Requires exact-part review","As captured where stated; package/derating unresolved","UNRESOLVED","NOT REVIEWED","NOT REVIEWED","NOT REVIEWED","UNRESOLVED","UNRESOLVED","UNRESOLVED","No frozen MPN; prerequisite electrical/mechanical contract or exact-device audit remains open.","Normal","","","","","BLOCKED","Do not source or assign a footprint from this row.","","YES","","Rev A","As-captured inventory only. CSR-01 did not freeze this item."
"04_Safety_Inputs/R8","04_Safety_Inputs","R8","Passives","2.20 kΩ ±1% loop excitation","IPC100:R","1","UNRESOLVED","UNRESOLVED - CSR-01 BLOCKED","2.20 kΩ ±1% loop excitation","2.20 kΩ ±1% loop excitation","UNRESOLVED","UNRESOLVED","Requires exact-part review","Requires exact-part review","As captured where stated; package/derating unresolved","UNRESOLVED","NOT REVIEWED","NOT REVIEWED","NOT REVIEWED","UNRESOLVED","UNRESOLVED","UNRESOLVED","No frozen MPN; prerequisite electrical/mechanical contract or exact-device audit remains open.","Normal","","","","","BLOCKED","Do not source or assign a footprint from this row.","","YES","","Rev A","As-captured inventory only. CSR-01 did not freeze this item."
"04_Safety_Inputs/R9","04_Safety_Inputs","R9","Passives","1.00 kΩ ±1% protected series","IPC100:R","1","UNRESOLVED","UNRESOLVED - CSR-01 BLOCKED","1.00 kΩ ±1% protected series","1.00 kΩ ±1% protected series","UNRESOLVED","UNRESOLVED","Requires exact-part review","Requires exact-part review","As captured where stated; package/derating unresolved","UNRESOLVED","NOT REVIEWED","NOT REVIEWED","NOT REVIEWED","UNRESOLVED","UNRESOLVED","UNRESOLVED","No frozen MPN; prerequisite electrical/mechanical contract or exact-device audit remains open.","Normal","","","","","BLOCKED","Do not source or assign a footprint from this row.","","YES","","Rev A","As-captured inventory only. CSR-01 did not freeze this item."
"04_Safety_Inputs/U1AB","04_Safety_Inputs","U1AB","Safety","LM339B-Q1 dual threshold + SN74LVC14A-Q1 combine","IPC100:WINDOW","1","UNRESOLVED","UNRESOLVED - CSR-01 BLOCKED","LM339B-Q1 dual threshold + SN74LVC14A-Q1 combine","LM339B-Q1 dual threshold + SN74LVC14A-Q1 combine","UNRESOLVED","UNRESOLVED","Requires exact-part review","Requires exact-part review","As captured where stated; package/derating unresolved","UNRESOLVED","NOT REVIEWED","NOT REVIEWED","NOT REVIEWED","UNRESOLVED","UNRESOLVED","UNRESOLVED","No frozen MPN; prerequisite electrical/mechanical contract or exact-device audit remains open.","Major","","","","","BLOCKED","Do not source or assign a footprint from this row.","","YES","","Rev A","As-captured inventory only. CSR-01 did not freeze this item."
"04_Safety_Inputs/U1CD","04_Safety_Inputs","U1CD","Safety","LM339B-Q1 dual threshold + SN74LVC14A-Q1 combine","IPC100:WINDOW","1","UNRESOLVED","UNRESOLVED - CSR-01 BLOCKED","LM339B-Q1 dual threshold + SN74LVC14A-Q1 combine","LM339B-Q1 dual threshold + SN74LVC14A-Q1 combine","UNRESOLVED","UNRESOLVED","Requires exact-part review","Requires exact-part review","As captured where stated; package/derating unresolved","UNRESOLVED","NOT REVIEWED","NOT REVIEWED","NOT REVIEWED","UNRESOLVED","UNRESOLVED","UNRESOLVED","No frozen MPN; prerequisite electrical/mechanical contract or exact-device audit remains open.","Major","","","","","BLOCKED","Do not source or assign a footprint from this row.","","YES","","Rev A","As-captured inventory only. CSR-01 did not freeze this item."
"04_Safety_Inputs/U2AB","04_Safety_Inputs","U2AB","Safety","LM339B-Q1 dual threshold + SN74LVC14A-Q1 combine","IPC100:WINDOW","1","UNRESOLVED","UNRESOLVED - CSR-01 BLOCKED","LM339B-Q1 dual threshold + SN74LVC14A-Q1 combine","LM339B-Q1 dual threshold + SN74LVC14A-Q1 combine","UNRESOLVED","UNRESOLVED","Requires exact-part review","Requires exact-part review","As captured where stated; package/derating unresolved","UNRESOLVED","NOT REVIEWED","NOT REVIEWED","NOT REVIEWED","UNRESOLVED","UNRESOLVED","UNRESOLVED","No frozen MPN; prerequisite electrical/mechanical contract or exact-device audit remains open.","Major","","","","","BLOCKED","Do not source or assign a footprint from this row.","","YES","","Rev A","As-captured inventory only. CSR-01 did not freeze this item."
"04_Safety_Inputs/U2CD","04_Safety_Inputs","U2CD","Safety","LM339B-Q1 dual threshold + SN74LVC14A-Q1 combine","IPC100:WINDOW","1","UNRESOLVED","UNRESOLVED - CSR-01 BLOCKED","LM339B-Q1 dual threshold + SN74LVC14A-Q1 combine","LM339B-Q1 dual threshold + SN74LVC14A-Q1 combine","UNRESOLVED","UNRESOLVED","Requires exact-part review","Requires exact-part review","As captured where stated; package/derating unresolved","UNRESOLVED","NOT REVIEWED","NOT REVIEWED","NOT REVIEWED","UNRESOLVED","UNRESOLVED","UNRESOLVED","No frozen MPN; prerequisite electrical/mechanical contract or exact-device audit remains open.","Major","","","","","BLOCKED","Do not source or assign a footprint from this row.","","YES","","Rev A","As-captured inventory only. CSR-01 did not freeze this item."
"04_Safety_Inputs/U3AB","04_Safety_Inputs","U3AB","Safety","LM339B-Q1 dual threshold + SN74LVC14A-Q1 combine","IPC100:WINDOW","1","UNRESOLVED","UNRESOLVED - CSR-01 BLOCKED","LM339B-Q1 dual threshold + SN74LVC14A-Q1 combine","LM339B-Q1 dual threshold + SN74LVC14A-Q1 combine","UNRESOLVED","UNRESOLVED","Requires exact-part review","Requires exact-part review","As captured where stated; package/derating unresolved","UNRESOLVED","NOT REVIEWED","NOT REVIEWED","NOT REVIEWED","UNRESOLVED","UNRESOLVED","UNRESOLVED","No frozen MPN; prerequisite electrical/mechanical contract or exact-device audit remains open.","Major","","","","","BLOCKED","Do not source or assign a footprint from this row.","","YES","","Rev A","As-captured inventory only. CSR-01 did not freeze this item."
"04_Safety_Inputs/U3C","04_Safety_Inputs","U3C","Safety","LM339B-Q1 low-active receiver + FIELD_OK gate","IPC100:CMDREC","1","UNRESOLVED","UNRESOLVED - CSR-01 BLOCKED","LM339B-Q1 low-active receiver + FIELD_OK gate","LM339B-Q1 low-active receiver + FIELD_OK gate","UNRESOLVED","UNRESOLVED","Requires exact-part review","Requires exact-part review","As captured where stated; package/derating unresolved","UNRESOLVED","NOT REVIEWED","NOT REVIEWED","NOT REVIEWED","UNRESOLVED","UNRESOLVED","UNRESOLVED","No frozen MPN; prerequisite electrical/mechanical contract or exact-device audit remains open.","Major","","","","","BLOCKED","Do not source or assign a footprint from this row.","","YES","","Rev A","As-captured inventory only. CSR-01 did not freeze this item."
"04_Safety_Inputs/U3D","04_Safety_Inputs","U3D","Safety","LM339B-Q1 low-active receiver + FIELD_OK gate","IPC100:CMDREC","1","UNRESOLVED","UNRESOLVED - CSR-01 BLOCKED","LM339B-Q1 low-active receiver + FIELD_OK gate","LM339B-Q1 low-active receiver + FIELD_OK gate","UNRESOLVED","UNRESOLVED","Requires exact-part review","Requires exact-part review","As captured where stated; package/derating unresolved","UNRESOLVED","NOT REVIEWED","NOT REVIEWED","NOT REVIEWED","UNRESOLVED","UNRESOLVED","UNRESOLVED","No frozen MPN; prerequisite electrical/mechanical contract or exact-device audit remains open.","Major","","","","","BLOCKED","Do not source or assign a footprint from this row.","","YES","","Rev A","As-captured inventory only. CSR-01 did not freeze this item."
"04_Safety_Inputs/U4","04_Safety_Inputs","U4","Safety","SN74LVC1G17-Q1 FIELD_SENSE detector, fail low","IPC100:FIELDDET","1","UNRESOLVED","UNRESOLVED - CSR-01 BLOCKED","SN74LVC1G17-Q1 FIELD_SENSE detector, fail low","SN74LVC1G17-Q1 FIELD_SENSE detector, fail low","UNRESOLVED","UNRESOLVED","Requires exact-part review","Requires exact-part review","As captured where stated; package/derating unresolved","UNRESOLVED","NOT REVIEWED","NOT REVIEWED","NOT REVIEWED","UNRESOLVED","UNRESOLVED","UNRESOLVED","No frozen MPN; prerequisite electrical/mechanical contract or exact-device audit remains open.","Major","","","","","BLOCKED","Do not source or assign a footprint from this row.","","YES","","Rev A","As-captured inventory only. CSR-01 did not freeze this item."
"04_Safety_Inputs/U5","04_Safety_Inputs","U5","Safety","SN74LVC1G17-Q1 STOP hardware export; passive fail-high bias","IPC100:SAFEBUF","1","UNRESOLVED","UNRESOLVED - CSR-01 BLOCKED","SN74LVC1G17-Q1 STOP hardware export; passive fail-high bias","SN74LVC1G17-Q1 STOP hardware export; passive fail-high bias","UNRESOLVED","UNRESOLVED","Requires exact-part review","Requires exact-part review","As captured where stated; package/derating unresolved","UNRESOLVED","NOT REVIEWED","NOT REVIEWED","NOT REVIEWED","UNRESOLVED","UNRESOLVED","UNRESOLVED","No frozen MPN; prerequisite electrical/mechanical contract or exact-device audit remains open.","Major","","","","","BLOCKED","Do not source or assign a footprint from this row.","","YES","","Rev A","As-captured inventory only. CSR-01 did not freeze this item."
"05_Motor_Interfaces/C1","05_Motor_Interfaces","C1","Passives","100 nF X7R VCCA bypass","IPC100:C","1","UNRESOLVED","UNRESOLVED - CSR-01 BLOCKED","100 nF X7R VCCA bypass","100 nF X7R VCCA bypass","UNRESOLVED","UNRESOLVED","Requires exact-part review","Requires exact-part review","As captured where stated; package/derating unresolved","UNRESOLVED","NOT REVIEWED","NOT REVIEWED","NOT REVIEWED","UNRESOLVED","UNRESOLVED","UNRESOLVED","No frozen MPN; prerequisite electrical/mechanical contract or exact-device audit remains open.","Normal","","","","","BLOCKED","Do not source or assign a footprint from this row.","","YES","","Rev A","As-captured inventory only. CSR-01 did not freeze this item."
"05_Motor_Interfaces/C2","05_Motor_Interfaces","C2","Passives","100 nF X7R VCCB bypass","IPC100:C","1","UNRESOLVED","UNRESOLVED - CSR-01 BLOCKED","100 nF X7R VCCB bypass","100 nF X7R VCCB bypass","UNRESOLVED","UNRESOLVED","Requires exact-part review","Requires exact-part review","As captured where stated; package/derating unresolved","UNRESOLVED","NOT REVIEWED","NOT REVIEWED","NOT REVIEWED","UNRESOLVED","UNRESOLVED","UNRESOLVED","No frozen MPN; prerequisite electrical/mechanical contract or exact-device audit remains open.","Normal","","","","","BLOCKED","Do not source or assign a footprint from this row.","","YES","","Rev A","As-captured inventory only. CSR-01 did not freeze this item."
"05_Motor_Interfaces/C3","05_Motor_Interfaces","C3","Passives","1 µF X7R local interface bulk","IPC100:C","1","UNRESOLVED","UNRESOLVED - CSR-01 BLOCKED","1 µF X7R local interface bulk","1 µF X7R local interface bulk","UNRESOLVED","UNRESOLVED","Requires exact-part review","Requires exact-part review","As captured where stated; package/derating unresolved","UNRESOLVED","NOT REVIEWED","NOT REVIEWED","NOT REVIEWED","UNRESOLVED","UNRESOLVED","UNRESOLVED","No frozen MPN; prerequisite electrical/mechanical contract or exact-device audit remains open.","Normal","","","","","BLOCKED","Do not source or assign a footprint from this row.","","YES","","Rev A","As-captured inventory only. CSR-01 did not freeze this item."
"05_Motor_Interfaces/C4","05_Motor_Interfaces","C4","Passives","100 nF X7R VCCA bypass","IPC100:C","1","UNRESOLVED","UNRESOLVED - CSR-01 BLOCKED","100 nF X7R VCCA bypass","100 nF X7R VCCA bypass","UNRESOLVED","UNRESOLVED","Requires exact-part review","Requires exact-part review","As captured where stated; package/derating unresolved","UNRESOLVED","NOT REVIEWED","NOT REVIEWED","NOT REVIEWED","UNRESOLVED","UNRESOLVED","UNRESOLVED","No frozen MPN; prerequisite electrical/mechanical contract or exact-device audit remains open.","Normal","","","","","BLOCKED","Do not source or assign a footprint from this row.","","YES","","Rev A","As-captured inventory only. CSR-01 did not freeze this item."
"05_Motor_Interfaces/C5","05_Motor_Interfaces","C5","Passives","100 nF X7R VCCB bypass","IPC100:C","1","UNRESOLVED","UNRESOLVED - CSR-01 BLOCKED","100 nF X7R VCCB bypass","100 nF X7R VCCB bypass","UNRESOLVED","UNRESOLVED","Requires exact-part review","Requires exact-part review","As captured where stated; package/derating unresolved","UNRESOLVED","NOT REVIEWED","NOT REVIEWED","NOT REVIEWED","UNRESOLVED","UNRESOLVED","UNRESOLVED","No frozen MPN; prerequisite electrical/mechanical contract or exact-device audit remains open.","Normal","","","","","BLOCKED","Do not source or assign a footprint from this row.","","YES","","Rev A","As-captured inventory only. CSR-01 did not freeze this item."
"05_Motor_Interfaces/C6","05_Motor_Interfaces","C6","Passives","1 µF X7R local interface bulk","IPC100:C","1","UNRESOLVED","UNRESOLVED - CSR-01 BLOCKED","1 µF X7R local interface bulk","1 µF X7R local interface bulk","UNRESOLVED","UNRESOLVED","Requires exact-part review","Requires exact-part review","As captured where stated; package/derating unresolved","UNRESOLVED","NOT REVIEWED","NOT REVIEWED","NOT REVIEWED","UNRESOLVED","UNRESOLVED","UNRESOLVED","No frozen MPN; prerequisite electrical/mechanical contract or exact-device audit remains open.","Normal","","","","","BLOCKED","Do not source or assign a footprint from this row.","","YES","","Rev A","As-captured inventory only. CSR-01 did not freeze this item."
"05_Motor_Interfaces/D1","05_Motor_Interfaces","D1","Protection","TPD4E05U06 channel / connector-entry ESD provision","IPC100:D","1","UNRESOLVED","UNRESOLVED - CSR-01 BLOCKED","TPD4E05U06 channel / connector-entry ESD provision","TPD4E05U06 channel / connector-entry ESD provision","UNRESOLVED","UNRESOLVED","Requires exact-part review","Requires exact-part review","As captured where stated; package/derating unresolved","UNRESOLVED","NOT REVIEWED","NOT REVIEWED","NOT REVIEWED","UNRESOLVED","UNRESOLVED","UNRESOLVED","No frozen MPN; prerequisite electrical/mechanical contract or exact-device audit remains open.","Major","","","","","BLOCKED","Do not source or assign a footprint from this row.","","YES","","Rev A","As-captured inventory only. CSR-01 did not freeze this item."
"05_Motor_Interfaces/D2","05_Motor_Interfaces","D2","Protection","TPD4E05U06 channel / connector-entry ESD provision","IPC100:D","1","UNRESOLVED","UNRESOLVED - CSR-01 BLOCKED","TPD4E05U06 channel / connector-entry ESD provision","TPD4E05U06 channel / connector-entry ESD provision","UNRESOLVED","UNRESOLVED","Requires exact-part review","Requires exact-part review","As captured where stated; package/derating unresolved","UNRESOLVED","NOT REVIEWED","NOT REVIEWED","NOT REVIEWED","UNRESOLVED","UNRESOLVED","UNRESOLVED","No frozen MPN; prerequisite electrical/mechanical contract or exact-device audit remains open.","Major","","","","","BLOCKED","Do not source or assign a footprint from this row.","","YES","","Rev A","As-captured inventory only. CSR-01 did not freeze this item."
"05_Motor_Interfaces/D3","05_Motor_Interfaces","D3","Protection","TPD4E05U06 channel / connector-entry ESD provision","IPC100:D","1","UNRESOLVED","UNRESOLVED - CSR-01 BLOCKED","TPD4E05U06 channel / connector-entry ESD provision","TPD4E05U06 channel / connector-entry ESD provision","UNRESOLVED","UNRESOLVED","Requires exact-part review","Requires exact-part review","As captured where stated; package/derating unresolved","UNRESOLVED","NOT REVIEWED","NOT REVIEWED","NOT REVIEWED","UNRESOLVED","UNRESOLVED","UNRESOLVED","No frozen MPN; prerequisite electrical/mechanical contract or exact-device audit remains open.","Major","","","","","BLOCKED","Do not source or assign a footprint from this row.","","YES","","Rev A","As-captured inventory only. CSR-01 did not freeze this item."
"05_Motor_Interfaces/D4","05_Motor_Interfaces","D4","Protection","TPD4E05U06 channel / connector-entry ESD provision","IPC100:D","1","UNRESOLVED","UNRESOLVED - CSR-01 BLOCKED","TPD4E05U06 channel / connector-entry ESD provision","TPD4E05U06 channel / connector-entry ESD provision","UNRESOLVED","UNRESOLVED","Requires exact-part review","Requires exact-part review","As captured where stated; package/derating unresolved","UNRESOLVED","NOT REVIEWED","NOT REVIEWED","NOT REVIEWED","UNRESOLVED","UNRESOLVED","UNRESOLVED","No frozen MPN; prerequisite electrical/mechanical contract or exact-device audit remains open.","Major","","","","","BLOCKED","Do not source or assign a footprint from this row.","","YES","","Rev A","As-captured inventory only. CSR-01 did not freeze this item."
"05_Motor_Interfaces/D5","05_Motor_Interfaces","D5","Protection","TPD4E05U06 channel / connector-entry ESD provision","IPC100:D","1","UNRESOLVED","UNRESOLVED - CSR-01 BLOCKED","TPD4E05U06 channel / connector-entry ESD provision","TPD4E05U06 channel / connector-entry ESD provision","UNRESOLVED","UNRESOLVED","Requires exact-part review","Requires exact-part review","As captured where stated; package/derating unresolved","UNRESOLVED","NOT REVIEWED","NOT REVIEWED","NOT REVIEWED","UNRESOLVED","UNRESOLVED","UNRESOLVED","No frozen MPN; prerequisite electrical/mechanical contract or exact-device audit remains open.","Major","","","","","BLOCKED","Do not source or assign a footprint from this row.","","YES","","Rev A","As-captured inventory only. CSR-01 did not freeze this item."
"05_Motor_Interfaces/D6","05_Motor_Interfaces","D6","Protection","TPD4E05U06 channel / connector-entry ESD provision","IPC100:D","1","UNRESOLVED","UNRESOLVED - CSR-01 BLOCKED","TPD4E05U06 channel / connector-entry ESD provision","TPD4E05U06 channel / connector-entry ESD provision","UNRESOLVED","UNRESOLVED","Requires exact-part review","Requires exact-part review","As captured where stated; package/derating unresolved","UNRESOLVED","NOT REVIEWED","NOT REVIEWED","NOT REVIEWED","UNRESOLVED","UNRESOLVED","UNRESOLVED","No frozen MPN; prerequisite electrical/mechanical contract or exact-device audit remains open.","Major","","","","","BLOCKED","Do not source or assign a footprint from this row.","","YES","","Rev A","As-captured inventory only. CSR-01 did not freeze this item."
"05_Motor_Interfaces/D7","05_Motor_Interfaces","D7","Protection","TPD4E05U06 channel / connector-entry ESD provision","IPC100:D","1","UNRESOLVED","UNRESOLVED - CSR-01 BLOCKED","TPD4E05U06 channel / connector-entry ESD provision","TPD4E05U06 channel / connector-entry ESD provision","UNRESOLVED","UNRESOLVED","Requires exact-part review","Requires exact-part review","As captured where stated; package/derating unresolved","UNRESOLVED","NOT REVIEWED","NOT REVIEWED","NOT REVIEWED","UNRESOLVED","UNRESOLVED","UNRESOLVED","No frozen MPN; prerequisite electrical/mechanical contract or exact-device audit remains open.","Major","","","","","BLOCKED","Do not source or assign a footprint from this row.","","YES","","Rev A","As-captured inventory only. CSR-01 did not freeze this item."
"05_Motor_Interfaces/D8","05_Motor_Interfaces","D8","Protection","TPD4E05U06 channel / connector-entry ESD provision","IPC100:D","1","UNRESOLVED","UNRESOLVED - CSR-01 BLOCKED","TPD4E05U06 channel / connector-entry ESD provision","TPD4E05U06 channel / connector-entry ESD provision","UNRESOLVED","UNRESOLVED","Requires exact-part review","Requires exact-part review","As captured where stated; package/derating unresolved","UNRESOLVED","NOT REVIEWED","NOT REVIEWED","NOT REVIEWED","UNRESOLVED","UNRESOLVED","UNRESOLVED","No frozen MPN; prerequisite electrical/mechanical contract or exact-device audit remains open.","Major","","","","","BLOCKED","Do not source or assign a footprint from this row.","","YES","","Rev A","As-captured inventory only. CSR-01 did not freeze this item."
"05_Motor_Interfaces/R1","05_Motor_Interfaces","R1","Passives","100 kΩ authorization default off","IPC100:R","1","UNRESOLVED","UNRESOLVED - CSR-01 BLOCKED","100 kΩ authorization default off","100 kΩ authorization default off","UNRESOLVED","UNRESOLVED","Requires exact-part review","Requires exact-part review","As captured where stated; package/derating unresolved","UNRESOLVED","NOT REVIEWED","NOT REVIEWED","NOT REVIEWED","UNRESOLVED","UNRESOLVED","UNRESOLVED","No frozen MPN; prerequisite electrical/mechanical contract or exact-device audit remains open.","Normal","","","","","BLOCKED","Do not source or assign a footprint from this row.","","YES","","Rev A","As-captured inventory only. CSR-01 did not freeze this item."
"05_Motor_Interfaces/R10","05_Motor_Interfaces","R10","Passives","10 kΩ safe-side inactive default","IPC100:R","1","UNRESOLVED","UNRESOLVED - CSR-01 BLOCKED","10 kΩ safe-side inactive default","10 kΩ safe-side inactive default","UNRESOLVED","UNRESOLVED","Requires exact-part review","Requires exact-part review","As captured where stated; package/derating unresolved","UNRESOLVED","NOT REVIEWED","NOT REVIEWED","NOT REVIEWED","UNRESOLVED","UNRESOLVED","UNRESOLVED","No frozen MPN; prerequisite electrical/mechanical contract or exact-device audit remains open.","Normal","","","","","BLOCKED","Do not source or assign a footprint from this row.","","YES","","Rev A","As-captured inventory only. CSR-01 did not freeze this item."
"05_Motor_Interfaces/R11","05_Motor_Interfaces","R11","Passives","33 Ω series damping","IPC100:R","1","UNRESOLVED","UNRESOLVED - CSR-01 BLOCKED","33 Ω series damping","33 Ω series damping","UNRESOLVED","UNRESOLVED","Requires exact-part review","Requires exact-part review","As captured where stated; package/derating unresolved","UNRESOLVED","NOT REVIEWED","NOT REVIEWED","NOT REVIEWED","UNRESOLVED","UNRESOLVED","UNRESOLVED","No frozen MPN; prerequisite electrical/mechanical contract or exact-device audit remains open.","Normal","","","","","BLOCKED","Do not source or assign a footprint from this row.","","YES","","Rev A","As-captured inventory only. CSR-01 did not freeze this item."
"05_Motor_Interfaces/R12","05_Motor_Interfaces","R12","Passives","10 kΩ safe-side inactive default","IPC100:R","1","UNRESOLVED","UNRESOLVED - CSR-01 BLOCKED","10 kΩ safe-side inactive default","10 kΩ safe-side inactive default","UNRESOLVED","UNRESOLVED","Requires exact-part review","Requires exact-part review","As captured where stated; package/derating unresolved","UNRESOLVED","NOT REVIEWED","NOT REVIEWED","NOT REVIEWED","UNRESOLVED","UNRESOLVED","UNRESOLVED","No frozen MPN; prerequisite electrical/mechanical contract or exact-device audit remains open.","Normal","","","","","BLOCKED","Do not source or assign a footprint from this row.","","YES","","Rev A","As-captured inventory only. CSR-01 did not freeze this item."
"05_Motor_Interfaces/R13","05_Motor_Interfaces","R13","Passives","33 Ω series damping","IPC100:R","1","UNRESOLVED","UNRESOLVED - CSR-01 BLOCKED","33 Ω series damping","33 Ω series damping","UNRESOLVED","UNRESOLVED","Requires exact-part review","Requires exact-part review","As captured where stated; package/derating unresolved","UNRESOLVED","NOT REVIEWED","NOT REVIEWED","NOT REVIEWED","UNRESOLVED","UNRESOLVED","UNRESOLVED","No frozen MPN; prerequisite electrical/mechanical contract or exact-device audit remains open.","Normal","","","","","BLOCKED","Do not source or assign a footprint from this row.","","YES","","Rev A","As-captured inventory only. CSR-01 did not freeze this item."
"05_Motor_Interfaces/R14","05_Motor_Interfaces","R14","Passives","10 kΩ safe-side inactive default","IPC100:R","1","UNRESOLVED","UNRESOLVED - CSR-01 BLOCKED","10 kΩ safe-side inactive default","10 kΩ safe-side inactive default","UNRESOLVED","UNRESOLVED","Requires exact-part review","Requires exact-part review","As captured where stated; package/derating unresolved","UNRESOLVED","NOT REVIEWED","NOT REVIEWED","NOT REVIEWED","UNRESOLVED","UNRESOLVED","UNRESOLVED","No frozen MPN; prerequisite electrical/mechanical contract or exact-device audit remains open.","Normal","","","","","BLOCKED","Do not source or assign a footprint from this row.","","YES","","Rev A","As-captured inventory only. CSR-01 did not freeze this item."
"05_Motor_Interfaces/R15","05_Motor_Interfaces","R15","Passives","47 kΩ MCU-side inactive default","IPC100:R","1","UNRESOLVED","UNRESOLVED - CSR-01 BLOCKED","47 kΩ MCU-side inactive default","47 kΩ MCU-side inactive default","UNRESOLVED","UNRESOLVED","Requires exact-part review","Requires exact-part review","As captured where stated; package/derating unresolved","UNRESOLVED","NOT REVIEWED","NOT REVIEWED","NOT REVIEWED","UNRESOLVED","UNRESOLVED","UNRESOLVED","No frozen MPN; prerequisite electrical/mechanical contract or exact-device audit remains open.","Normal","","","","","BLOCKED","Do not source or assign a footprint from this row.","","YES","","Rev A","As-captured inventory only. CSR-01 did not freeze this item."
"05_Motor_Interfaces/R16","05_Motor_Interfaces","R16","Passives","47 kΩ MCU-side inactive default","IPC100:R","1","UNRESOLVED","UNRESOLVED - CSR-01 BLOCKED","47 kΩ MCU-side inactive default","47 kΩ MCU-side inactive default","UNRESOLVED","UNRESOLVED","Requires exact-part review","Requires exact-part review","As captured where stated; package/derating unresolved","UNRESOLVED","NOT REVIEWED","NOT REVIEWED","NOT REVIEWED","UNRESOLVED","UNRESOLVED","UNRESOLVED","No frozen MPN; prerequisite electrical/mechanical contract or exact-device audit remains open.","Normal","","","","","BLOCKED","Do not source or assign a footprint from this row.","","YES","","Rev A","As-captured inventory only. CSR-01 did not freeze this item."
"05_Motor_Interfaces/R17","05_Motor_Interfaces","R17","Passives","47 kΩ MCU-side inactive default","IPC100:R","1","UNRESOLVED","UNRESOLVED - CSR-01 BLOCKED","47 kΩ MCU-side inactive default","47 kΩ MCU-side inactive default","UNRESOLVED","UNRESOLVED","Requires exact-part review","Requires exact-part review","As captured where stated; package/derating unresolved","UNRESOLVED","NOT REVIEWED","NOT REVIEWED","NOT REVIEWED","UNRESOLVED","UNRESOLVED","UNRESOLVED","No frozen MPN; prerequisite electrical/mechanical contract or exact-device audit remains open.","Normal","","","","","BLOCKED","Do not source or assign a footprint from this row.","","YES","","Rev A","As-captured inventory only. CSR-01 did not freeze this item."
"05_Motor_Interfaces/R18","05_Motor_Interfaces","R18","Passives","47 kΩ MCU-side inactive default","IPC100:R","1","UNRESOLVED","UNRESOLVED - CSR-01 BLOCKED","47 kΩ MCU-side inactive default","47 kΩ MCU-side inactive default","UNRESOLVED","UNRESOLVED","Requires exact-part review","Requires exact-part review","As captured where stated; package/derating unresolved","UNRESOLVED","NOT REVIEWED","NOT REVIEWED","NOT REVIEWED","UNRESOLVED","UNRESOLVED","UNRESOLVED","No frozen MPN; prerequisite electrical/mechanical contract or exact-device audit remains open.","Normal","","","","","BLOCKED","Do not source or assign a footprint from this row.","","YES","","Rev A","As-captured inventory only. CSR-01 did not freeze this item."
"05_Motor_Interfaces/R19","05_Motor_Interfaces","R19","Passives","33 Ω series damping","IPC100:R","1","UNRESOLVED","UNRESOLVED - CSR-01 BLOCKED","33 Ω series damping","33 Ω series damping","UNRESOLVED","UNRESOLVED","Requires exact-part review","Requires exact-part review","As captured where stated; package/derating unresolved","UNRESOLVED","NOT REVIEWED","NOT REVIEWED","NOT REVIEWED","UNRESOLVED","UNRESOLVED","UNRESOLVED","No frozen MPN; prerequisite electrical/mechanical contract or exact-device audit remains open.","Normal","","","","","BLOCKED","Do not source or assign a footprint from this row.","","YES","","Rev A","As-captured inventory only. CSR-01 did not freeze this item."
"05_Motor_Interfaces/R2","05_Motor_Interfaces","R2","Passives","100 kΩ authorization default off","IPC100:R","1","UNRESOLVED","UNRESOLVED - CSR-01 BLOCKED","100 kΩ authorization default off","100 kΩ authorization default off","UNRESOLVED","UNRESOLVED","Requires exact-part review","Requires exact-part review","As captured where stated; package/derating unresolved","UNRESOLVED","NOT REVIEWED","NOT REVIEWED","NOT REVIEWED","UNRESOLVED","UNRESOLVED","UNRESOLVED","No frozen MPN; prerequisite electrical/mechanical contract or exact-device audit remains open.","Normal","","","","","BLOCKED","Do not source or assign a footprint from this row.","","YES","","Rev A","As-captured inventory only. CSR-01 did not freeze this item."
"05_Motor_Interfaces/R20","05_Motor_Interfaces","R20","Passives","10 kΩ safe-side inactive default","IPC100:R","1","UNRESOLVED","UNRESOLVED - CSR-01 BLOCKED","10 kΩ safe-side inactive default","10 kΩ safe-side inactive default","UNRESOLVED","UNRESOLVED","Requires exact-part review","Requires exact-part review","As captured where stated; package/derating unresolved","UNRESOLVED","NOT REVIEWED","NOT REVIEWED","NOT REVIEWED","UNRESOLVED","UNRESOLVED","UNRESOLVED","No frozen MPN; prerequisite electrical/mechanical contract or exact-device audit remains open.","Normal","","","","","BLOCKED","Do not source or assign a footprint from this row.","","YES","","Rev A","As-captured inventory only. CSR-01 did not freeze this item."
"05_Motor_Interfaces/R21","05_Motor_Interfaces","R21","Passives","33 Ω series damping","IPC100:R","1","UNRESOLVED","UNRESOLVED - CSR-01 BLOCKED","33 Ω series damping","33 Ω series damping","UNRESOLVED","UNRESOLVED","Requires exact-part review","Requires exact-part review","As captured where stated; package/derating unresolved","UNRESOLVED","NOT REVIEWED","NOT REVIEWED","NOT REVIEWED","UNRESOLVED","UNRESOLVED","UNRESOLVED","No frozen MPN; prerequisite electrical/mechanical contract or exact-device audit remains open.","Normal","","","","","BLOCKED","Do not source or assign a footprint from this row.","","YES","","Rev A","As-captured inventory only. CSR-01 did not freeze this item."
"05_Motor_Interfaces/R22","05_Motor_Interfaces","R22","Passives","10 kΩ safe-side inactive default","IPC100:R","1","UNRESOLVED","UNRESOLVED - CSR-01 BLOCKED","10 kΩ safe-side inactive default","10 kΩ safe-side inactive default","UNRESOLVED","UNRESOLVED","Requires exact-part review","Requires exact-part review","As captured where stated; package/derating unresolved","UNRESOLVED","NOT REVIEWED","NOT REVIEWED","NOT REVIEWED","UNRESOLVED","UNRESOLVED","UNRESOLVED","No frozen MPN; prerequisite electrical/mechanical contract or exact-device audit remains open.","Normal","","","","","BLOCKED","Do not source or assign a footprint from this row.","","YES","","Rev A","As-captured inventory only. CSR-01 did not freeze this item."
"05_Motor_Interfaces/R23","05_Motor_Interfaces","R23","Passives","33 Ω series damping","IPC100:R","1","UNRESOLVED","UNRESOLVED - CSR-01 BLOCKED","33 Ω series damping","33 Ω series damping","UNRESOLVED","UNRESOLVED","Requires exact-part review","Requires exact-part review","As captured where stated; package/derating unresolved","UNRESOLVED","NOT REVIEWED","NOT REVIEWED","NOT REVIEWED","UNRESOLVED","UNRESOLVED","UNRESOLVED","No frozen MPN; prerequisite electrical/mechanical contract or exact-device audit remains open.","Normal","","","","","BLOCKED","Do not source or assign a footprint from this row.","","YES","","Rev A","As-captured inventory only. CSR-01 did not freeze this item."
"05_Motor_Interfaces/R24","05_Motor_Interfaces","R24","Passives","10 kΩ safe-side inactive default","IPC100:R","1","UNRESOLVED","UNRESOLVED - CSR-01 BLOCKED","10 kΩ safe-side inactive default","10 kΩ safe-side inactive default","UNRESOLVED","UNRESOLVED","Requires exact-part review","Requires exact-part review","As captured where stated; package/derating unresolved","UNRESOLVED","NOT REVIEWED","NOT REVIEWED","NOT REVIEWED","UNRESOLVED","UNRESOLVED","UNRESOLVED","No frozen MPN; prerequisite electrical/mechanical contract or exact-device audit remains open.","Normal","","","","","BLOCKED","Do not source or assign a footprint from this row.","","YES","","Rev A","As-captured inventory only. CSR-01 did not freeze this item."
"05_Motor_Interfaces/R25","05_Motor_Interfaces","R25","Passives","33 Ω series damping","IPC100:R","1","UNRESOLVED","UNRESOLVED - CSR-01 BLOCKED","33 Ω series damping","33 Ω series damping","UNRESOLVED","UNRESOLVED","Requires exact-part review","Requires exact-part review","As captured where stated; package/derating unresolved","UNRESOLVED","NOT REVIEWED","NOT REVIEWED","NOT REVIEWED","UNRESOLVED","UNRESOLVED","UNRESOLVED","No frozen MPN; prerequisite electrical/mechanical contract or exact-device audit remains open.","Normal","","","","","BLOCKED","Do not source or assign a footprint from this row.","","YES","","Rev A","As-captured inventory only. CSR-01 did not freeze this item."
"05_Motor_Interfaces/R26","05_Motor_Interfaces","R26","Passives","10 kΩ safe-side inactive default","IPC100:R","1","UNRESOLVED","UNRESOLVED - CSR-01 BLOCKED","10 kΩ safe-side inactive default","10 kΩ safe-side inactive default","UNRESOLVED","UNRESOLVED","Requires exact-part review","Requires exact-part review","As captured where stated; package/derating unresolved","UNRESOLVED","NOT REVIEWED","NOT REVIEWED","NOT REVIEWED","UNRESOLVED","UNRESOLVED","UNRESOLVED","No frozen MPN; prerequisite electrical/mechanical contract or exact-device audit remains open.","Normal","","","","","BLOCKED","Do not source or assign a footprint from this row.","","YES","","Rev A","As-captured inventory only. CSR-01 did not freeze this item."
"05_Motor_Interfaces/R27","05_Motor_Interfaces","R27","Passives","100 kΩ U3 PERMIT fail-low input bias","IPC100:R","1","UNRESOLVED","UNRESOLVED - CSR-01 BLOCKED","100 kΩ U3 PERMIT fail-low input bias","100 kΩ U3 PERMIT fail-low input bias","UNRESOLVED","UNRESOLVED","Requires exact-part review","Requires exact-part review","As captured where stated; package/derating unresolved","UNRESOLVED","NOT REVIEWED","NOT REVIEWED","NOT REVIEWED","UNRESOLVED","UNRESOLVED","UNRESOLVED","No frozen MPN; prerequisite electrical/mechanical contract or exact-device audit remains open.","Normal","","","","","BLOCKED","Do not source or assign a footprint from this row.","","YES","","Rev A","As-captured inventory only. CSR-01 did not freeze this item."
"05_Motor_Interfaces/R28","05_Motor_Interfaces","R28","Passives","100 kΩ U3 INHIBIT fail-high input bias","IPC100:R","1","UNRESOLVED","UNRESOLVED - CSR-01 BLOCKED","100 kΩ U3 INHIBIT fail-high input bias","100 kΩ U3 INHIBIT fail-high input bias","UNRESOLVED","UNRESOLVED","Requires exact-part review","Requires exact-part review","As captured where stated; package/derating unresolved","UNRESOLVED","NOT REVIEWED","NOT REVIEWED","NOT REVIEWED","UNRESOLVED","UNRESOLVED","UNRESOLVED","No frozen MPN; prerequisite electrical/mechanical contract or exact-device audit remains open.","Normal","","","","","BLOCKED","Do not source or assign a footprint from this row.","","YES","","Rev A","As-captured inventory only. CSR-01 did not freeze this item."
"05_Motor_Interfaces/R3","05_Motor_Interfaces","R3","Passives","47 kΩ MCU-side inactive default","IPC100:R","1","UNRESOLVED","UNRESOLVED - CSR-01 BLOCKED","47 kΩ MCU-side inactive default","47 kΩ MCU-side inactive default","UNRESOLVED","UNRESOLVED","Requires exact-part review","Requires exact-part review","As captured where stated; package/derating unresolved","UNRESOLVED","NOT REVIEWED","NOT REVIEWED","NOT REVIEWED","UNRESOLVED","UNRESOLVED","UNRESOLVED","No frozen MPN; prerequisite electrical/mechanical contract or exact-device audit remains open.","Normal","","","","","BLOCKED","Do not source or assign a footprint from this row.","","YES","","Rev A","As-captured inventory only. CSR-01 did not freeze this item."
"05_Motor_Interfaces/R4","05_Motor_Interfaces","R4","Passives","47 kΩ MCU-side inactive default","IPC100:R","1","UNRESOLVED","UNRESOLVED - CSR-01 BLOCKED","47 kΩ MCU-side inactive default","47 kΩ MCU-side inactive default","UNRESOLVED","UNRESOLVED","Requires exact-part review","Requires exact-part review","As captured where stated; package/derating unresolved","UNRESOLVED","NOT REVIEWED","NOT REVIEWED","NOT REVIEWED","UNRESOLVED","UNRESOLVED","UNRESOLVED","No frozen MPN; prerequisite electrical/mechanical contract or exact-device audit remains open.","Normal","","","","","BLOCKED","Do not source or assign a footprint from this row.","","YES","","Rev A","As-captured inventory only. CSR-01 did not freeze this item."
"05_Motor_Interfaces/R5","05_Motor_Interfaces","R5","Passives","47 kΩ MCU-side inactive default","IPC100:R","1","UNRESOLVED","UNRESOLVED - CSR-01 BLOCKED","47 kΩ MCU-side inactive default","47 kΩ MCU-side inactive default","UNRESOLVED","UNRESOLVED","Requires exact-part review","Requires exact-part review","As captured where stated; package/derating unresolved","UNRESOLVED","NOT REVIEWED","NOT REVIEWED","NOT REVIEWED","UNRESOLVED","UNRESOLVED","UNRESOLVED","No frozen MPN; prerequisite electrical/mechanical contract or exact-device audit remains open.","Normal","","","","","BLOCKED","Do not source or assign a footprint from this row.","","YES","","Rev A","As-captured inventory only. CSR-01 did not freeze this item."
"05_Motor_Interfaces/R6","05_Motor_Interfaces","R6","Passives","47 kΩ MCU-side inactive default","IPC100:R","1","UNRESOLVED","UNRESOLVED - CSR-01 BLOCKED","47 kΩ MCU-side inactive default","47 kΩ MCU-side inactive default","UNRESOLVED","UNRESOLVED","Requires exact-part review","Requires exact-part review","As captured where stated; package/derating unresolved","UNRESOLVED","NOT REVIEWED","NOT REVIEWED","NOT REVIEWED","UNRESOLVED","UNRESOLVED","UNRESOLVED","No frozen MPN; prerequisite electrical/mechanical contract or exact-device audit remains open.","Normal","","","","","BLOCKED","Do not source or assign a footprint from this row.","","YES","","Rev A","As-captured inventory only. CSR-01 did not freeze this item."
"05_Motor_Interfaces/R7","05_Motor_Interfaces","R7","Passives","33 Ω series damping","IPC100:R","1","UNRESOLVED","UNRESOLVED - CSR-01 BLOCKED","33 Ω series damping","33 Ω series damping","UNRESOLVED","UNRESOLVED","Requires exact-part review","Requires exact-part review","As captured where stated; package/derating unresolved","UNRESOLVED","NOT REVIEWED","NOT REVIEWED","NOT REVIEWED","UNRESOLVED","UNRESOLVED","UNRESOLVED","No frozen MPN; prerequisite electrical/mechanical contract or exact-device audit remains open.","Normal","","","","","BLOCKED","Do not source or assign a footprint from this row.","","YES","","Rev A","As-captured inventory only. CSR-01 did not freeze this item."
"05_Motor_Interfaces/R8","05_Motor_Interfaces","R8","Passives","10 kΩ safe-side inactive default","IPC100:R","1","UNRESOLVED","UNRESOLVED - CSR-01 BLOCKED","10 kΩ safe-side inactive default","10 kΩ safe-side inactive default","UNRESOLVED","UNRESOLVED","Requires exact-part review","Requires exact-part review","As captured where stated; package/derating unresolved","UNRESOLVED","NOT REVIEWED","NOT REVIEWED","NOT REVIEWED","UNRESOLVED","UNRESOLVED","UNRESOLVED","No frozen MPN; prerequisite electrical/mechanical contract or exact-device audit remains open.","Normal","","","","","BLOCKED","Do not source or assign a footprint from this row.","","YES","","Rev A","As-captured inventory only. CSR-01 did not freeze this item."
"05_Motor_Interfaces/R9","05_Motor_Interfaces","R9","Passives","33 Ω series damping","IPC100:R","1","UNRESOLVED","UNRESOLVED - CSR-01 BLOCKED","33 Ω series damping","33 Ω series damping","UNRESOLVED","UNRESOLVED","Requires exact-part review","Requires exact-part review","As captured where stated; package/derating unresolved","UNRESOLVED","NOT REVIEWED","NOT REVIEWED","NOT REVIEWED","UNRESOLVED","UNRESOLVED","UNRESOLVED","No frozen MPN; prerequisite electrical/mechanical contract or exact-device audit remains open.","Normal","","","","","BLOCKED","Do not source or assign a footprint from this row.","","YES","","Rev A","As-captured inventory only. CSR-01 did not freeze this item."
"05_Motor_Interfaces/U1","05_Motor_Interfaces","U1","Logic","SN74LVC-Q1: R_OK = RPWM AND NOT LPWM; L_OK = LPWM AND NOT RPWM; enables pass","IPC100:INTERLOCK4","1","UNRESOLVED","UNRESOLVED - CSR-01 BLOCKED","SN74LVC-Q1: R_OK = RPWM AND NOT LPWM; L_OK = LPWM AND NOT RPWM; enables pass","SN74LVC-Q1: R_OK = RPWM AND NOT LPWM; L_OK = LPWM AND NOT RPWM; enables pass","UNRESOLVED","UNRESOLVED","Requires exact-part review","Requires exact-part review","As captured where stated; package/derating unresolved","UNRESOLVED","NOT REVIEWED","NOT REVIEWED","NOT REVIEWED","UNRESOLVED","UNRESOLVED","UNRESOLVED","No frozen MPN; prerequisite electrical/mechanical contract or exact-device audit remains open.","Major","","","","","BLOCKED","Do not source or assign a footprint from this row.","","YES","","Rev A","As-captured inventory only. CSR-01 did not freeze this item."
"05_Motor_Interfaces/U2","05_Motor_Interfaces","U2","Logic","SN74LVC-Q1: R_OK = RPWM AND NOT LPWM; L_OK = LPWM AND NOT RPWM; enables pass","IPC100:INTERLOCK4","1","UNRESOLVED","UNRESOLVED - CSR-01 BLOCKED","SN74LVC-Q1: R_OK = RPWM AND NOT LPWM; L_OK = LPWM AND NOT RPWM; enables pass","SN74LVC-Q1: R_OK = RPWM AND NOT LPWM; L_OK = LPWM AND NOT RPWM; enables pass","UNRESOLVED","UNRESOLVED","Requires exact-part review","Requires exact-part review","As captured where stated; package/derating unresolved","UNRESOLVED","NOT REVIEWED","NOT REVIEWED","NOT REVIEWED","UNRESOLVED","UNRESOLVED","UNRESOLVED","No frozen MPN; prerequisite electrical/mechanical contract or exact-device audit remains open.","Major","","","","","BLOCKED","Do not source or assign a footprint from this row.","","YES","","Rev A","As-captured inventory only. CSR-01 did not freeze this item."
"05_Motor_Interfaces/U3","05_Motor_Interfaces","U3","Logic","SN74LVC-Q1: EN = PERMIT AND NOT INHIBIT; disagreement disables","IPC100:AUTH2","1","UNRESOLVED","UNRESOLVED - CSR-01 BLOCKED","SN74LVC-Q1: EN = PERMIT AND NOT INHIBIT; disagreement disables","SN74LVC-Q1: EN = PERMIT AND NOT INHIBIT; disagreement disables","UNRESOLVED","UNRESOLVED","Requires exact-part review","Requires exact-part review","As captured where stated; package/derating unresolved","UNRESOLVED","NOT REVIEWED","NOT REVIEWED","NOT REVIEWED","UNRESOLVED","UNRESOLVED","UNRESOLVED","No frozen MPN; prerequisite electrical/mechanical contract or exact-device audit remains open.","Major","","","","","BLOCKED","Do not source or assign a footprint from this row.","","YES","","Rev A","As-captured inventory only. CSR-01 did not freeze this item."
"05_Motor_Interfaces/U4","05_Motor_Interfaces","U4","Logic","SN74LXC4T245-class Axis 1; A→B, Ioff","IPC100:XLAT4","1","UNRESOLVED","UNRESOLVED - CSR-01 BLOCKED","SN74LXC4T245-class Axis 1; A→B, Ioff","SN74LXC4T245-class Axis 1; A→B, Ioff","UNRESOLVED","UNRESOLVED","Requires exact-part review","Requires exact-part review","As captured where stated; package/derating unresolved","UNRESOLVED","NOT REVIEWED","NOT REVIEWED","NOT REVIEWED","UNRESOLVED","UNRESOLVED","UNRESOLVED","No frozen MPN; prerequisite electrical/mechanical contract or exact-device audit remains open.","Major","","","","","BLOCKED","Do not source or assign a footprint from this row.","","YES","","Rev A","As-captured inventory only. CSR-01 did not freeze this item."
"05_Motor_Interfaces/U5","05_Motor_Interfaces","U5","Logic","SN74LXC4T245-class Axis 2; A→B, Ioff","IPC100:XLAT4","1","UNRESOLVED","UNRESOLVED - CSR-01 BLOCKED","SN74LXC4T245-class Axis 2; A→B, Ioff","SN74LXC4T245-class Axis 2; A→B, Ioff","UNRESOLVED","UNRESOLVED","Requires exact-part review","Requires exact-part review","As captured where stated; package/derating unresolved","UNRESOLVED","NOT REVIEWED","NOT REVIEWED","NOT REVIEWED","UNRESOLVED","UNRESOLVED","UNRESOLVED","No frozen MPN; prerequisite electrical/mechanical contract or exact-device audit remains open.","Major","","","","","BLOCKED","Do not source or assign a footprint from this row.","","YES","","Rev A","As-captured inventory only. CSR-01 did not freeze this item."
"06_Relay_MasterInhibit/C1","06_Relay_MasterInhibit","C1","Passives","Timing capacitor — value set from selected watchdog equation","IPC100:C","1","UNRESOLVED","UNRESOLVED - CSR-01 BLOCKED","Timing capacitor — value set from selected watchdog equation","Timing capacitor — value set from selected watchdog equation","UNRESOLVED","UNRESOLVED","Requires exact-part review","Requires exact-part review","As captured where stated; package/derating unresolved","UNRESOLVED","NOT REVIEWED","NOT REVIEWED","NOT REVIEWED","UNRESOLVED","UNRESOLVED","UNRESOLVED","No frozen MPN; prerequisite electrical/mechanical contract or exact-device audit remains open.","Normal","","","","","BLOCKED","Do not source or assign a footprint from this row.","","YES","","Rev A","As-captured inventory only. CSR-01 did not freeze this item."
"06_Relay_MasterInhibit/D1","06_Relay_MasterInhibit","D1","Protection","Schottky + 12 V / 500 mW zener series flyback clamp","IPC100:FLYBACK_CLAMP","1","UNRESOLVED","UNRESOLVED - CSR-01 BLOCKED","Schottky + 12 V / 500 mW zener series flyback clamp","Schottky + 12 V / 500 mW zener series flyback clamp","UNRESOLVED","UNRESOLVED","Requires exact-part review","Requires exact-part review","As captured where stated; package/derating unresolved","UNRESOLVED","NOT REVIEWED","NOT REVIEWED","NOT REVIEWED","UNRESOLVED","UNRESOLVED","UNRESOLVED","No frozen MPN; prerequisite electrical/mechanical contract or exact-device audit remains open.","Major","","","","","BLOCKED","Do not source or assign a footprint from this row.","","YES","","Rev A","As-captured inventory only. CSR-01 did not freeze this item."
"06_Relay_MasterInhibit/K1","06_Relay_MasterInhibit","K1","Relays","Omron G5Q-1 DC5-class, 5 V / 80 mA provisional","IPC100:RELAY_SPDT","1","UNRESOLVED","UNRESOLVED - CSR-01 BLOCKED","Omron G5Q-1 DC5-class, 5 V / 80 mA provisional","Omron G5Q-1 DC5-class, 5 V / 80 mA provisional","UNRESOLVED","UNRESOLVED","Requires exact-part review","Requires exact-part review","As captured where stated; package/derating unresolved","UNRESOLVED","NOT REVIEWED","NOT REVIEWED","NOT REVIEWED","UNRESOLVED","UNRESOLVED","UNRESOLVED","No frozen MPN; prerequisite electrical/mechanical contract or exact-device audit remains open.","Major","","","","","BLOCKED","Do not source or assign a footprint from this row.","","YES","","Rev A","As-captured inventory only. CSR-01 did not freeze this item."
"06_Relay_MasterInhibit/Q1","06_Relay_MasterInhibit","Q1","MOSFETs","2N7002P-class, 60 V logic N-MOSFET","IPC100:NMOS","1","UNRESOLVED","UNRESOLVED - CSR-01 BLOCKED","2N7002P-class, 60 V logic N-MOSFET","2N7002P-class, 60 V logic N-MOSFET","UNRESOLVED","UNRESOLVED","Requires exact-part review","Requires exact-part review","As captured where stated; package/derating unresolved","UNRESOLVED","NOT REVIEWED","NOT REVIEWED","NOT REVIEWED","UNRESOLVED","UNRESOLVED","UNRESOLVED","No frozen MPN; prerequisite electrical/mechanical contract or exact-device audit remains open.","Normal","","","","","BLOCKED","Do not source or assign a footprint from this row.","","YES","","Rev A","As-captured inventory only. CSR-01 did not freeze this item."
"06_Relay_MasterInhibit/R1","06_Relay_MasterInhibit","R1","Passives","100 kΩ WDI fail-low / open-route bias","IPC100:R","1","UNRESOLVED","UNRESOLVED - CSR-01 BLOCKED","100 kΩ WDI fail-low / open-route bias","100 kΩ WDI fail-low / open-route bias","UNRESOLVED","UNRESOLVED","Requires exact-part review","Requires exact-part review","As captured where stated; package/derating unresolved","UNRESOLVED","NOT REVIEWED","NOT REVIEWED","NOT REVIEWED","UNRESOLVED","UNRESOLVED","UNRESOLVED","No frozen MPN; prerequisite electrical/mechanical contract or exact-device audit remains open.","Normal","","","","","BLOCKED","Do not source or assign a footprint from this row.","","YES","","Rev A","As-captured inventory only. CSR-01 did not freeze this item."
"06_Relay_MasterInhibit/R10","06_Relay_MasterInhibit","R10","Passives","100 kΩ MASTER_INHIBIT fail-high","IPC100:R","1","UNRESOLVED","UNRESOLVED - CSR-01 BLOCKED","100 kΩ MASTER_INHIBIT fail-high","100 kΩ MASTER_INHIBIT fail-high","UNRESOLVED","UNRESOLVED","Requires exact-part review","Requires exact-part review","As captured where stated; package/derating unresolved","UNRESOLVED","NOT REVIEWED","NOT REVIEWED","NOT REVIEWED","UNRESOLVED","UNRESOLVED","UNRESOLVED","No frozen MPN; prerequisite electrical/mechanical contract or exact-device audit remains open.","Normal","","","","","BLOCKED","Do not source or assign a footprint from this row.","","YES","","Rev A","As-captured inventory only. CSR-01 did not freeze this item."
"06_Relay_MasterInhibit/R2","06_Relay_MasterInhibit","R2","Passives","100 Ω gate resistor","IPC100:R","1","UNRESOLVED","UNRESOLVED - CSR-01 BLOCKED","100 Ω gate resistor","100 Ω gate resistor","UNRESOLVED","UNRESOLVED","Requires exact-part review","Requires exact-part review","As captured where stated; package/derating unresolved","UNRESOLVED","NOT REVIEWED","NOT REVIEWED","NOT REVIEWED","UNRESOLVED","UNRESOLVED","UNRESOLVED","No frozen MPN; prerequisite electrical/mechanical contract or exact-device audit remains open.","Normal","","","","","BLOCKED","Do not source or assign a footprint from this row.","","YES","","Rev A","As-captured inventory only. CSR-01 did not freeze this item."
"06_Relay_MasterInhibit/R3","06_Relay_MasterInhibit","R3","Passives","100 kΩ MOSFET gate default-OFF bias","IPC100:R","1","UNRESOLVED","UNRESOLVED - CSR-01 BLOCKED","100 kΩ MOSFET gate default-OFF bias","100 kΩ MOSFET gate default-OFF bias","UNRESOLVED","UNRESOLVED","Requires exact-part review","Requires exact-part review","As captured where stated; package/derating unresolved","UNRESOLVED","NOT REVIEWED","NOT REVIEWED","NOT REVIEWED","UNRESOLVED","UNRESOLVED","UNRESOLVED","No frozen MPN; prerequisite electrical/mechanical contract or exact-device audit remains open.","Normal","","","","","BLOCKED","Do not source or assign a footprint from this row.","","YES","","Rev A","As-captured inventory only. CSR-01 did not freeze this item."
"06_Relay_MasterInhibit/R4","06_Relay_MasterInhibit","R4","Passives","100 kΩ MAIN_POWER_GOOD fail-low","IPC100:R","1","UNRESOLVED","UNRESOLVED - CSR-01 BLOCKED","100 kΩ MAIN_POWER_GOOD fail-low","100 kΩ MAIN_POWER_GOOD fail-low","UNRESOLVED","UNRESOLVED","Requires exact-part review","Requires exact-part review","As captured where stated; package/derating unresolved","UNRESOLVED","NOT REVIEWED","NOT REVIEWED","NOT REVIEWED","UNRESOLVED","UNRESOLVED","UNRESOLVED","No frozen MPN; prerequisite electrical/mechanical contract or exact-device audit remains open.","Normal","","","","","BLOCKED","Do not source or assign a footprint from this row.","","YES","","Rev A","As-captured inventory only. CSR-01 did not freeze this item."
"06_Relay_MasterInhibit/R5","06_Relay_MasterInhibit","R5","Passives","100 kΩ RESET_VALID fail-low","IPC100:R","1","UNRESOLVED","UNRESOLVED - CSR-01 BLOCKED","100 kΩ RESET_VALID fail-low","100 kΩ RESET_VALID fail-low","UNRESOLVED","UNRESOLVED","Requires exact-part review","Requires exact-part review","As captured where stated; package/derating unresolved","UNRESOLVED","NOT REVIEWED","NOT REVIEWED","NOT REVIEWED","UNRESOLVED","UNRESOLVED","UNRESOLVED","No frozen MPN; prerequisite electrical/mechanical contract or exact-device audit remains open.","Normal","","","","","BLOCKED","Do not source or assign a footprint from this row.","","YES","","Rev A","As-captured inventory only. CSR-01 did not freeze this item."
"06_Relay_MasterInhibit/R6","06_Relay_MasterInhibit","R6","Passives","100 kΩ STOP_HW_INHIBIT fail-high","IPC100:R","1","UNRESOLVED","UNRESOLVED - CSR-01 BLOCKED","100 kΩ STOP_HW_INHIBIT fail-high","100 kΩ STOP_HW_INHIBIT fail-high","UNRESOLVED","UNRESOLVED","Requires exact-part review","Requires exact-part review","As captured where stated; package/derating unresolved","UNRESOLVED","NOT REVIEWED","NOT REVIEWED","NOT REVIEWED","UNRESOLVED","UNRESOLVED","UNRESOLVED","No frozen MPN; prerequisite electrical/mechanical contract or exact-device audit remains open.","Normal","","","","","BLOCKED","Do not source or assign a footprint from this row.","","YES","","Rev A","As-captured inventory only. CSR-01 did not freeze this item."
"06_Relay_MasterInhibit/R7","06_Relay_MasterInhibit","R7","Passives","100 kΩ RELAY_CMD_MCU fail-low","IPC100:R","1","UNRESOLVED","UNRESOLVED - CSR-01 BLOCKED","100 kΩ RELAY_CMD_MCU fail-low","100 kΩ RELAY_CMD_MCU fail-low","UNRESOLVED","UNRESOLVED","Requires exact-part review","Requires exact-part review","As captured where stated; package/derating unresolved","UNRESOLVED","NOT REVIEWED","NOT REVIEWED","NOT REVIEWED","UNRESOLVED","UNRESOLVED","UNRESOLVED","No frozen MPN; prerequisite electrical/mechanical contract or exact-device audit remains open.","Normal","","","","","BLOCKED","Do not source or assign a footprint from this row.","","YES","","Rev A","As-captured inventory only. CSR-01 did not freeze this item."
"06_Relay_MasterInhibit/R8","06_Relay_MasterInhibit","R8","Passives","100 kΩ WATCHDOG_VALID fail-low","IPC100:R","1","UNRESOLVED","UNRESOLVED - CSR-01 BLOCKED","100 kΩ WATCHDOG_VALID fail-low","100 kΩ WATCHDOG_VALID fail-low","UNRESOLVED","UNRESOLVED","Requires exact-part review","Requires exact-part review","As captured where stated; package/derating unresolved","UNRESOLVED","NOT REVIEWED","NOT REVIEWED","NOT REVIEWED","UNRESOLVED","UNRESOLVED","UNRESOLVED","No frozen MPN; prerequisite electrical/mechanical contract or exact-device audit remains open.","Normal","","","","","BLOCKED","Do not source or assign a footprint from this row.","","YES","","Rev A","As-captured inventory only. CSR-01 did not freeze this item."
"06_Relay_MasterInhibit/R9","06_Relay_MasterInhibit","R9","Passives","100 kΩ ACTUATOR_PERMIT fail-low","IPC100:R","1","UNRESOLVED","UNRESOLVED - CSR-01 BLOCKED","100 kΩ ACTUATOR_PERMIT fail-low","100 kΩ ACTUATOR_PERMIT fail-low","UNRESOLVED","UNRESOLVED","Requires exact-part review","Requires exact-part review","As captured where stated; package/derating unresolved","UNRESOLVED","NOT REVIEWED","NOT REVIEWED","NOT REVIEWED","UNRESOLVED","UNRESOLVED","UNRESOLVED","No frozen MPN; prerequisite electrical/mechanical contract or exact-device audit remains open.","Normal","","","","","BLOCKED","Do not source or assign a footprint from this row.","","YES","","Rev A","As-captured inventory only. CSR-01 did not freeze this item."
"06_Relay_MasterInhibit/U1","06_Relay_MasterInhibit","U1","Watchdog","Independent window watchdog + 2-edge qualifier/latch, 250 ms max","IPC100:WINDOW_WATCHDOG","1","UNRESOLVED","UNRESOLVED - CSR-01 BLOCKED","Independent window watchdog + 2-edge qualifier/latch, 250 ms max","Independent window watchdog + 2-edge qualifier/latch, 250 ms max","UNRESOLVED","UNRESOLVED","Requires exact-part review","Requires exact-part review","As captured where stated; package/derating unresolved","UNRESOLVED","NOT REVIEWED","NOT REVIEWED","NOT REVIEWED","UNRESOLVED","UNRESOLVED","UNRESOLVED","No frozen MPN; prerequisite electrical/mechanical contract or exact-device audit remains open.","Major","","","","","BLOCKED","Do not source or assign a footprint from this row.","","YES","","Rev A","As-captured inventory only. CSR-01 did not freeze this item."
"06_Relay_MasterInhibit/U2","06_Relay_MasterInhibit","U2","Logic","Fail-safe four-condition authorization logic","IPC100:AUTH4","1","UNRESOLVED","UNRESOLVED - CSR-01 BLOCKED","Fail-safe four-condition authorization logic","Fail-safe four-condition authorization logic","UNRESOLVED","UNRESOLVED","Requires exact-part review","Requires exact-part review","As captured where stated; package/derating unresolved","UNRESOLVED","NOT REVIEWED","NOT REVIEWED","NOT REVIEWED","UNRESOLVED","UNRESOLVED","UNRESOLVED","No frozen MPN; prerequisite electrical/mechanical contract or exact-device audit remains open.","Major","","","","","BLOCKED","Do not source or assign a footprint from this row.","","YES","","Rev A","As-captured inventory only. CSR-01 did not freeze this item."
"06_Relay_MasterInhibit/U3","06_Relay_MasterInhibit","U3","Logic","RELAY_CMD_MCU AND ACTUATOR_PERMIT","IPC100:AND2","1","UNRESOLVED","UNRESOLVED - CSR-01 BLOCKED","RELAY_CMD_MCU AND ACTUATOR_PERMIT","RELAY_CMD_MCU AND ACTUATOR_PERMIT","UNRESOLVED","UNRESOLVED","Requires exact-part review","Requires exact-part review","As captured where stated; package/derating unresolved","UNRESOLVED","NOT REVIEWED","NOT REVIEWED","NOT REVIEWED","UNRESOLVED","UNRESOLVED","UNRESOLVED","No frozen MPN; prerequisite electrical/mechanical contract or exact-device audit remains open.","Major","","","","","BLOCKED","Do not source or assign a footprint from this row.","","YES","","Rev A","As-captured inventory only. CSR-01 did not freeze this item."
"07_UI_Peripherals/C1","07_UI_Peripherals","C1","Passives","100 nF X7R ±10% expander reset delay","IPC100:C","1","UNRESOLVED","UNRESOLVED - CSR-01 BLOCKED","100 nF X7R ±10% expander reset delay","100 nF X7R ±10% expander reset delay","UNRESOLVED","UNRESOLVED","Requires exact-part review","Requires exact-part review","As captured where stated; package/derating unresolved","UNRESOLVED","NOT REVIEWED","NOT REVIEWED","NOT REVIEWED","UNRESOLVED","UNRESOLVED","UNRESOLVED","No frozen MPN; prerequisite electrical/mechanical contract or exact-device audit remains open.","Normal","","","","","BLOCKED","Do not source or assign a footprint from this row.","","YES","","Rev A","As-captured inventory only. CSR-01 did not freeze this item."
"07_UI_Peripherals/Q1","07_UI_Peripherals","Q1","MOSFETs","2N7002-class open-drain reset; 100k core pull-up asserts reset by default","IPC100:OLED_RESET_OD","1","UNRESOLVED","UNRESOLVED - CSR-01 BLOCKED","2N7002-class open-drain reset; 100k core pull-up asserts reset by default","2N7002-class open-drain reset; 100k core pull-up asserts reset by default","UNRESOLVED","UNRESOLVED","Requires exact-part review","Requires exact-part review","As captured where stated; package/derating unresolved","UNRESOLVED","NOT REVIEWED","NOT REVIEWED","NOT REVIEWED","UNRESOLVED","UNRESOLVED","UNRESOLVED","No frozen MPN; prerequisite electrical/mechanical contract or exact-device audit remains open.","Normal","","","","","BLOCKED","Do not source or assign a footprint from this row.","","YES","","Rev A","As-captured inventory only. CSR-01 did not freeze this item."
"07_UI_Peripherals/R1","07_UI_Peripherals","R1","Passives","100 kΩ ±1% expander reset pull-up","IPC100:R","1","UNRESOLVED","UNRESOLVED - CSR-01 BLOCKED","100 kΩ ±1% expander reset pull-up","100 kΩ ±1% expander reset pull-up","UNRESOLVED","UNRESOLVED","Requires exact-part review","Requires exact-part review","As captured where stated; package/derating unresolved","UNRESOLVED","NOT REVIEWED","NOT REVIEWED","NOT REVIEWED","UNRESOLVED","UNRESOLVED","UNRESOLVED","No frozen MPN; prerequisite electrical/mechanical contract or exact-device audit remains open.","Normal","","","","","BLOCKED","Do not source or assign a footprint from this row.","","YES","","Rev A","As-captured inventory only. CSR-01 did not freeze this item."
"07_UI_Peripherals/R2","07_UI_Peripherals","R2","Passives","4.70 kΩ ±1% I2C SDA pull-up; Sheet 07 base-bus owner","IPC100:R","1","UNRESOLVED","UNRESOLVED - CSR-01 BLOCKED","4.70 kΩ ±1% I2C SDA pull-up; Sheet 07 base-bus owner","4.70 kΩ ±1% I2C SDA pull-up; Sheet 07 base-bus owner","UNRESOLVED","UNRESOLVED","Requires exact-part review","Requires exact-part review","As captured where stated; package/derating unresolved","UNRESOLVED","NOT REVIEWED","NOT REVIEWED","NOT REVIEWED","UNRESOLVED","UNRESOLVED","UNRESOLVED","No frozen MPN; prerequisite electrical/mechanical contract or exact-device audit remains open.","Normal","","","","","BLOCKED","Do not source or assign a footprint from this row.","","YES","","Rev A","As-captured inventory only. CSR-01 did not freeze this item."
"07_UI_Peripherals/R3","07_UI_Peripherals","R3","Passives","4.70 kΩ ±1% I2C SCL pull-up; Sheet 07 base-bus owner","IPC100:R","1","UNRESOLVED","UNRESOLVED - CSR-01 BLOCKED","4.70 kΩ ±1% I2C SCL pull-up; Sheet 07 base-bus owner","4.70 kΩ ±1% I2C SCL pull-up; Sheet 07 base-bus owner","UNRESOLVED","UNRESOLVED","Requires exact-part review","Requires exact-part review","As captured where stated; package/derating unresolved","UNRESOLVED","NOT REVIEWED","NOT REVIEWED","NOT REVIEWED","UNRESOLVED","UNRESOLVED","UNRESOLVED","No frozen MPN; prerequisite electrical/mechanical contract or exact-device audit remains open.","Normal","","","","","BLOCKED","Do not source or assign a footprint from this row.","","YES","","Rev A","As-captured inventory only. CSR-01 did not freeze this item."
"07_UI_Peripherals/TP1","07_UI_Peripherals","TP1","Test","UI_VCC DFT node","IPC100:TEST_NODE","1","UNRESOLVED","UNRESOLVED - CSR-01 BLOCKED","UI_VCC DFT node","UI_VCC DFT node","UNRESOLVED","UNRESOLVED","Requires exact-part review","Requires exact-part review","As captured where stated; package/derating unresolved","UNRESOLVED","NOT REVIEWED","NOT REVIEWED","NOT REVIEWED","UNRESOLVED","UNRESOLVED","UNRESOLVED","No frozen MPN; prerequisite electrical/mechanical contract or exact-device audit remains open.","Normal","","","","","BLOCKED","Do not source or assign a footprint from this row.","","YES","","Rev A","As-captured inventory only. CSR-01 did not freeze this item."
"07_UI_Peripherals/TP2","07_UI_Peripherals","TP2","Test","OLED_VCC DFT node","IPC100:TEST_NODE","1","UNRESOLVED","UNRESOLVED - CSR-01 BLOCKED","OLED_VCC DFT node","OLED_VCC DFT node","UNRESOLVED","UNRESOLVED","Requires exact-part review","Requires exact-part review","As captured where stated; package/derating unresolved","UNRESOLVED","NOT REVIEWED","NOT REVIEWED","NOT REVIEWED","UNRESOLVED","UNRESOLVED","UNRESOLVED","No frozen MPN; prerequisite electrical/mechanical contract or exact-device audit remains open.","Normal","","","","","BLOCKED","Do not source or assign a footprint from this row.","","YES","","Rev A","As-captured inventory only. CSR-01 did not freeze this item."
"07_UI_Peripherals/TP3","07_UI_Peripherals","TP3","Test","I2C_SDA DFT node","IPC100:TEST_NODE","1","UNRESOLVED","UNRESOLVED - CSR-01 BLOCKED","I2C_SDA DFT node","I2C_SDA DFT node","UNRESOLVED","UNRESOLVED","Requires exact-part review","Requires exact-part review","As captured where stated; package/derating unresolved","UNRESOLVED","NOT REVIEWED","NOT REVIEWED","NOT REVIEWED","UNRESOLVED","UNRESOLVED","UNRESOLVED","No frozen MPN; prerequisite electrical/mechanical contract or exact-device audit remains open.","Normal","","","","","BLOCKED","Do not source or assign a footprint from this row.","","YES","","Rev A","As-captured inventory only. CSR-01 did not freeze this item."
"07_UI_Peripherals/TP4","07_UI_Peripherals","TP4","Test","I2C_SCL DFT node","IPC100:TEST_NODE","1","UNRESOLVED","UNRESOLVED - CSR-01 BLOCKED","I2C_SCL DFT node","I2C_SCL DFT node","UNRESOLVED","UNRESOLVED","Requires exact-part review","Requires exact-part review","As captured where stated; package/derating unresolved","UNRESOLVED","NOT REVIEWED","NOT REVIEWED","NOT REVIEWED","UNRESOLVED","UNRESOLVED","UNRESOLVED","No frozen MPN; prerequisite electrical/mechanical contract or exact-device audit remains open.","Normal","","","","","BLOCKED","Do not source or assign a footprint from this row.","","YES","","Rev A","As-captured inventory only. CSR-01 did not freeze this item."
"07_UI_Peripherals/TP5","07_UI_Peripherals","TP5","Test","ENCODER_A_COND DFT node","IPC100:TEST_NODE","1","UNRESOLVED","UNRESOLVED - CSR-01 BLOCKED","ENCODER_A_COND DFT node","ENCODER_A_COND DFT node","UNRESOLVED","UNRESOLVED","Requires exact-part review","Requires exact-part review","As captured where stated; package/derating unresolved","UNRESOLVED","NOT REVIEWED","NOT REVIEWED","NOT REVIEWED","UNRESOLVED","UNRESOLVED","UNRESOLVED","No frozen MPN; prerequisite electrical/mechanical contract or exact-device audit remains open.","Normal","","","","","BLOCKED","Do not source or assign a footprint from this row.","","YES","","Rev A","As-captured inventory only. CSR-01 did not freeze this item."
"07_UI_Peripherals/U1","07_UI_Peripherals","U1","Logic","3ch active-low panel encoder conditioner; 10k/1k/10nF; UI-valid gated","IPC100:ENCODER_CONDITIONER3","1","UNRESOLVED","UNRESOLVED - CSR-01 BLOCKED","3ch active-low panel encoder conditioner; 10k/1k/10nF; UI-valid gated","3ch active-low panel encoder conditioner; 10k/1k/10nF; UI-valid gated","UNRESOLVED","UNRESOLVED","Requires exact-part review","Requires exact-part review","As captured where stated; package/derating unresolved","UNRESOLVED","NOT REVIEWED","NOT REVIEWED","NOT REVIEWED","UNRESOLVED","UNRESOLVED","UNRESOLVED","No frozen MPN; prerequisite electrical/mechanical contract or exact-device audit remains open.","Major","","","","","BLOCKED","Do not source or assign a footprint from this row.","","YES","","Rev A","As-captured inventory only. CSR-01 did not freeze this item."
"07_UI_Peripherals/U2","07_UI_Peripherals","U2","I2C","TCA9535-class, +3V3_CORE, address 0x20, power-up inputs/high-Z","IPC100:I2C_EXPANDER","1","UNRESOLVED","UNRESOLVED - CSR-01 BLOCKED","TCA9535-class, +3V3_CORE, address 0x20, power-up inputs/high-Z","TCA9535-class, +3V3_CORE, address 0x20, power-up inputs/high-Z","UNRESOLVED","UNRESOLVED","Requires exact-part review","Requires exact-part review","As captured where stated; package/derating unresolved","UNRESOLVED","NOT REVIEWED","NOT REVIEWED","NOT REVIEWED","UNRESOLVED","UNRESOLVED","UNRESOLVED","No frozen MPN; prerequisite electrical/mechanical contract or exact-device audit remains open.","Normal","","","","","BLOCKED","Do not source or assign a footprint from this row.","","YES","","Rev A","As-captured inventory only. CSR-01 did not freeze this item."
"07_UI_Peripherals/U3","07_UI_Peripherals","U3","Logic","4x 60 V logic NMOS; 100Ω gates; 100kΩ gate pull-downs; buzzer clamp provision","IPC100:STATUS_DRIVER4","1","UNRESOLVED","UNRESOLVED - CSR-01 BLOCKED","4x 60 V logic NMOS; 100Ω gates; 100kΩ gate pull-downs; buzzer clamp provision","4x 60 V logic NMOS; 100Ω gates; 100kΩ gate pull-downs; buzzer clamp provision","UNRESOLVED","UNRESOLVED","Requires exact-part review","Requires exact-part review","As captured where stated; package/derating unresolved","UNRESOLVED","NOT REVIEWED","NOT REVIEWED","NOT REVIEWED","UNRESOLVED","UNRESOLVED","UNRESOLVED","No frozen MPN; prerequisite electrical/mechanical contract or exact-device audit remains open.","Major","","","","","BLOCKED","Do not source or assign a footprint from this row.","","YES","","Rev A","As-captured inventory only. CSR-01 did not freeze this item."
"07_UI_Peripherals/U4","07_UI_Peripherals","U4","Displays","2.42-inch SSD1309 OLED reference; exact module/J6 deferred","IPC100:I2C_PERIPHERAL_BOUNDARY","1","UNRESOLVED","UNRESOLVED - CSR-01 BLOCKED","2.42-inch SSD1309 OLED reference; exact module/J6 deferred","2.42-inch SSD1309 OLED reference; exact module/J6 deferred","UNRESOLVED","UNRESOLVED","Requires exact-part review","Requires exact-part review","As captured where stated; package/derating unresolved","UNRESOLVED","NOT REVIEWED","NOT REVIEWED","NOT REVIEWED","UNRESOLVED","UNRESOLVED","UNRESOLVED","No frozen MPN; prerequisite electrical/mechanical contract or exact-device audit remains open.","Normal","","","","","BLOCKED","Do not source or assign a footprint from this row.","","YES","","Rev A","As-captured inventory only. CSR-01 did not freeze this item."
"07_UI_Peripherals/U5","07_UI_Peripherals","U5","Sensors","BME280 environmental sensor reference; exact module/J7 deferred","IPC100:I2C_PERIPHERAL_BOUNDARY","1","UNRESOLVED","UNRESOLVED - CSR-01 BLOCKED","BME280 environmental sensor reference; exact module/J7 deferred","BME280 environmental sensor reference; exact module/J7 deferred","UNRESOLVED","UNRESOLVED","Requires exact-part review","Requires exact-part review","As captured where stated; package/derating unresolved","UNRESOLVED","NOT REVIEWED","NOT REVIEWED","NOT REVIEWED","UNRESOLVED","UNRESOLVED","UNRESOLVED","No frozen MPN; prerequisite electrical/mechanical contract or exact-device audit remains open.","Normal","","","","","BLOCKED","Do not source or assign a footprint from this row.","","YES","","Rev A","As-captured inventory only. CSR-01 did not freeze this item."
"07_UI_Peripherals/U6","07_UI_Peripherals","U6","Displays","J6: 100 kHz; OLED_VCC-qualified; fail-disabled; Ioff <=10uA; no backfeed/stuck-low propagation while isolated","IPC100:I2C_POWER_QUALIFIED_BRANCH","1","UNRESOLVED","UNRESOLVED - CSR-01 BLOCKED","J6: 100 kHz; OLED_VCC-qualified; fail-disabled; Ioff <=10uA; no backfeed/stuck-low propagation while isolated","J6: 100 kHz; OLED_VCC-qualified; fail-disabled; Ioff <=10uA; no backfeed/stuck-low propagation while isolated","UNRESOLVED","UNRESOLVED","Requires exact-part review","Requires exact-part review","As captured where stated; package/derating unresolved","UNRESOLVED","NOT REVIEWED","NOT REVIEWED","NOT REVIEWED","UNRESOLVED","UNRESOLVED","UNRESOLVED","No frozen MPN; prerequisite electrical/mechanical contract or exact-device audit remains open.","Normal","","","","","BLOCKED","Do not source or assign a footprint from this row.","","YES","","Rev A","As-captured inventory only. CSR-01 did not freeze this item."
"07_UI_Peripherals/U7","07_UI_Peripherals","U7","Sensors","J7: 100 kHz; SENSOR_VCC-qualified; fail-disabled; Ioff <=10uA; no backfeed/stuck-low propagation while isolated","IPC100:I2C_POWER_QUALIFIED_BRANCH","1","UNRESOLVED","UNRESOLVED - CSR-01 BLOCKED","J7: 100 kHz; SENSOR_VCC-qualified; fail-disabled; Ioff <=10uA; no backfeed/stuck-low propagation while isolated","J7: 100 kHz; SENSOR_VCC-qualified; fail-disabled; Ioff <=10uA; no backfeed/stuck-low propagation while isolated","UNRESOLVED","UNRESOLVED","Requires exact-part review","Requires exact-part review","As captured where stated; package/derating unresolved","UNRESOLVED","NOT REVIEWED","NOT REVIEWED","NOT REVIEWED","UNRESOLVED","UNRESOLVED","UNRESOLVED","No frozen MPN; prerequisite electrical/mechanical contract or exact-device audit remains open.","Normal","","","","","BLOCKED","Do not source or assign a footprint from this row.","","YES","","Rev A","As-captured inventory only. CSR-01 did not freeze this item."
"08_Expansion/C1","08_Expansion","C1","Passives","100 nF X7R ±10% local buffer decoupling","IPC100:C","1","UNRESOLVED","UNRESOLVED - CSR-01 BLOCKED","100 nF X7R ±10% local buffer decoupling","100 nF X7R ±10% local buffer decoupling","UNRESOLVED","UNRESOLVED","Requires exact-part review","Requires exact-part review","As captured where stated; package/derating unresolved","UNRESOLVED","NOT REVIEWED","NOT REVIEWED","NOT REVIEWED","UNRESOLVED","UNRESOLVED","UNRESOLVED","No frozen MPN; prerequisite electrical/mechanical contract or exact-device audit remains open.","Normal","","","","","BLOCKED","Do not source or assign a footprint from this row.","","YES","","Rev A","As-captured inventory only. CSR-01 did not freeze this item."
"08_Expansion/C2","08_Expansion","C2","Passives","10 µF X7R accessory-bias reservoir; within ICD-001 22 µF load cap limit","IPC100:C","1","UNRESOLVED","UNRESOLVED - CSR-01 BLOCKED","10 µF X7R accessory-bias reservoir; within ICD-001 22 µF load cap limit","10 µF X7R accessory-bias reservoir; within ICD-001 22 µF load cap limit","UNRESOLVED","UNRESOLVED","Requires exact-part review","Requires exact-part review","As captured where stated; package/derating unresolved","UNRESOLVED","NOT REVIEWED","NOT REVIEWED","NOT REVIEWED","UNRESOLVED","UNRESOLVED","UNRESOLVED","No frozen MPN; prerequisite electrical/mechanical contract or exact-device audit remains open.","Normal","","","","","BLOCKED","Do not source or assign a footprint from this row.","","YES","","Rev A","As-captured inventory only. CSR-01 did not freeze this item."
"08_Expansion/C3","08_Expansion","C3","Passives","100 nF X7R ±10% core-side buffer decoupling","IPC100:C","1","UNRESOLVED","UNRESOLVED - CSR-01 BLOCKED","100 nF X7R ±10% core-side buffer decoupling","100 nF X7R ±10% core-side buffer decoupling","UNRESOLVED","UNRESOLVED","Requires exact-part review","Requires exact-part review","As captured where stated; package/derating unresolved","UNRESOLVED","NOT REVIEWED","NOT REVIEWED","NOT REVIEWED","UNRESOLVED","UNRESOLVED","UNRESOLVED","No frozen MPN; prerequisite electrical/mechanical contract or exact-device audit remains open.","Normal","","","","","BLOCKED","Do not source or assign a footprint from this row.","","YES","","Rev A","As-captured inventory only. CSR-01 did not freeze this item."
"08_Expansion/D1","08_Expansion","D1","Protection","J10 SDA low-capacitance TVS provision; IEC 61000-4-2 target","IPC100:ESD_PROVISION","1","UNRESOLVED","UNRESOLVED - CSR-01 BLOCKED","J10 SDA low-capacitance TVS provision; IEC 61000-4-2 target","J10 SDA low-capacitance TVS provision; IEC 61000-4-2 target","UNRESOLVED","UNRESOLVED","Requires exact-part review","Requires exact-part review","As captured where stated; package/derating unresolved","UNRESOLVED","NOT REVIEWED","NOT REVIEWED","NOT REVIEWED","UNRESOLVED","UNRESOLVED","UNRESOLVED","No frozen MPN; prerequisite electrical/mechanical contract or exact-device audit remains open.","Major","","","","","BLOCKED","Do not source or assign a footprint from this row.","","YES","","Rev A","As-captured inventory only. CSR-01 did not freeze this item."
"08_Expansion/D2","08_Expansion","D2","Protection","J10 SCL low-capacitance TVS provision; IEC 61000-4-2 target","IPC100:ESD_PROVISION","1","UNRESOLVED","UNRESOLVED - CSR-01 BLOCKED","J10 SCL low-capacitance TVS provision; IEC 61000-4-2 target","J10 SCL low-capacitance TVS provision; IEC 61000-4-2 target","UNRESOLVED","UNRESOLVED","Requires exact-part review","Requires exact-part review","As captured where stated; package/derating unresolved","UNRESOLVED","NOT REVIEWED","NOT REVIEWED","NOT REVIEWED","UNRESOLVED","UNRESOLVED","UNRESOLVED","No frozen MPN; prerequisite electrical/mechanical contract or exact-device audit remains open.","Major","","","","","BLOCKED","Do not source or assign a footprint from this row.","","YES","","Rev A","As-captured inventory only. CSR-01 did not freeze this item."
"08_Expansion/D3","08_Expansion","D3","Protection","EXPANSION_VCC local ESD/reverse-injection provision; final part coordinated with Sheet 09","IPC100:ESD_PROVISION","1","UNRESOLVED","UNRESOLVED - CSR-01 BLOCKED","EXPANSION_VCC local ESD/reverse-injection provision; final part coordinated with Sheet 09","EXPANSION_VCC local ESD/reverse-injection provision; final part coordinated with Sheet 09","UNRESOLVED","UNRESOLVED","Requires exact-part review","Requires exact-part review","As captured where stated; package/derating unresolved","UNRESOLVED","NOT REVIEWED","NOT REVIEWED","NOT REVIEWED","UNRESOLVED","UNRESOLVED","UNRESOLVED","No frozen MPN; prerequisite electrical/mechanical contract or exact-device audit remains open.","Major","","","","","BLOCKED","Do not source or assign a footprint from this row.","","YES","","Rev A","As-captured inventory only. CSR-01 did not freeze this item."
"08_Expansion/FB1","08_Expansion","FB1","Passives","Accessory-bias filter bead — impedance/current rating pending protection part selection","IPC100:FERRITE","1","UNRESOLVED","UNRESOLVED - CSR-01 BLOCKED","Accessory-bias filter bead — impedance/current rating pending protection part selection","Accessory-bias filter bead — impedance/current rating pending protection part selection","UNRESOLVED","UNRESOLVED","Requires exact-part review","Requires exact-part review","As captured where stated; package/derating unresolved","UNRESOLVED","NOT REVIEWED","NOT REVIEWED","NOT REVIEWED","UNRESOLVED","UNRESOLVED","UNRESOLVED","No frozen MPN; prerequisite electrical/mechanical contract or exact-device audit remains open.","Normal","","","","","BLOCKED","Do not source or assign a footprint from this row.","","YES","","Rev A","As-captured inventory only. CSR-01 did not freeze this item."
"08_Expansion/R1","08_Expansion","R1","Passives","100 kΩ ±1% segment-enable fail-low bias","IPC100:R","1","UNRESOLVED","UNRESOLVED - CSR-01 BLOCKED","100 kΩ ±1% segment-enable fail-low bias","100 kΩ ±1% segment-enable fail-low bias","UNRESOLVED","UNRESOLVED","Requires exact-part review","Requires exact-part review","As captured where stated; package/derating unresolved","UNRESOLVED","NOT REVIEWED","NOT REVIEWED","NOT REVIEWED","UNRESOLVED","UNRESOLVED","UNRESOLVED","No frozen MPN; prerequisite electrical/mechanical contract or exact-device audit remains open.","Normal","","","","","BLOCKED","Do not source or assign a footprint from this row.","","YES","","Rev A","As-captured inventory only. CSR-01 did not freeze this item."
"08_Expansion/R2","08_Expansion","R2","Passives","4.70 kΩ ±1% J10 SDA pull-up; Sheet 08 external-segment owner","IPC100:R","1","UNRESOLVED","UNRESOLVED - CSR-01 BLOCKED","4.70 kΩ ±1% J10 SDA pull-up; Sheet 08 external-segment owner","4.70 kΩ ±1% J10 SDA pull-up; Sheet 08 external-segment owner","UNRESOLVED","UNRESOLVED","Requires exact-part review","Requires exact-part review","As captured where stated; package/derating unresolved","UNRESOLVED","NOT REVIEWED","NOT REVIEWED","NOT REVIEWED","UNRESOLVED","UNRESOLVED","UNRESOLVED","No frozen MPN; prerequisite electrical/mechanical contract or exact-device audit remains open.","Normal","","","","","BLOCKED","Do not source or assign a footprint from this row.","","YES","","Rev A","As-captured inventory only. CSR-01 did not freeze this item."
"08_Expansion/R3","08_Expansion","R3","Passives","4.70 kΩ ±1% J10 SCL pull-up; Sheet 08 external-segment owner","IPC100:R","1","UNRESOLVED","UNRESOLVED - CSR-01 BLOCKED","4.70 kΩ ±1% J10 SCL pull-up; Sheet 08 external-segment owner","4.70 kΩ ±1% J10 SCL pull-up; Sheet 08 external-segment owner","UNRESOLVED","UNRESOLVED","Requires exact-part review","Requires exact-part review","As captured where stated; package/derating unresolved","UNRESOLVED","NOT REVIEWED","NOT REVIEWED","NOT REVIEWED","UNRESOLVED","UNRESOLVED","UNRESOLVED","No frozen MPN; prerequisite electrical/mechanical contract or exact-device audit remains open.","Normal","","","","","BLOCKED","Do not source or assign a footprint from this row.","","YES","","Rev A","As-captured inventory only. CSR-01 did not freeze this item."
"08_Expansion/R4","08_Expansion","R4","Passives","47 Ω J10 SDA series damping; final 33–100 Ω by SI verification","IPC100:R","1","UNRESOLVED","UNRESOLVED - CSR-01 BLOCKED","47 Ω J10 SDA series damping; final 33–100 Ω by SI verification","47 Ω J10 SDA series damping; final 33–100 Ω by SI verification","UNRESOLVED","UNRESOLVED","Requires exact-part review","Requires exact-part review","As captured where stated; package/derating unresolved","UNRESOLVED","NOT REVIEWED","NOT REVIEWED","NOT REVIEWED","UNRESOLVED","UNRESOLVED","UNRESOLVED","No frozen MPN; prerequisite electrical/mechanical contract or exact-device audit remains open.","Normal","","","","","BLOCKED","Do not source or assign a footprint from this row.","","YES","","Rev A","As-captured inventory only. CSR-01 did not freeze this item."
"08_Expansion/R5","08_Expansion","R5","Passives","47 Ω J10 SCL series damping; final 33–100 Ω by SI verification","IPC100:R","1","UNRESOLVED","UNRESOLVED - CSR-01 BLOCKED","47 Ω J10 SCL series damping; final 33–100 Ω by SI verification","47 Ω J10 SCL series damping; final 33–100 Ω by SI verification","UNRESOLVED","UNRESOLVED","Requires exact-part review","Requires exact-part review","As captured where stated; package/derating unresolved","UNRESOLVED","NOT REVIEWED","NOT REVIEWED","NOT REVIEWED","UNRESOLVED","UNRESOLVED","UNRESOLVED","No frozen MPN; prerequisite electrical/mechanical contract or exact-device audit remains open.","Normal","","","","","BLOCKED","Do not source or assign a footprint from this row.","","YES","","Rev A","As-captured inventory only. CSR-01 did not freeze this item."
"08_Expansion/TP1","08_Expansion","TP1","Test","EXPANSION_VCC DFT","IPC100:TEST_NODE","1","UNRESOLVED","UNRESOLVED - CSR-01 BLOCKED","EXPANSION_VCC DFT","EXPANSION_VCC DFT","UNRESOLVED","UNRESOLVED","Requires exact-part review","Requires exact-part review","As captured where stated; package/derating unresolved","UNRESOLVED","NOT REVIEWED","NOT REVIEWED","NOT REVIEWED","UNRESOLVED","UNRESOLVED","UNRESOLVED","No frozen MPN; prerequisite electrical/mechanical contract or exact-device audit remains open.","Normal","","","","","BLOCKED","Do not source or assign a footprint from this row.","","YES","","Rev A","As-captured inventory only. CSR-01 did not freeze this item."
"08_Expansion/TP2","08_Expansion","TP2","Test","SEGMENT_ENABLE DFT","IPC100:TEST_NODE","1","UNRESOLVED","UNRESOLVED - CSR-01 BLOCKED","SEGMENT_ENABLE DFT","SEGMENT_ENABLE DFT","UNRESOLVED","UNRESOLVED","Requires exact-part review","Requires exact-part review","As captured where stated; package/derating unresolved","UNRESOLVED","NOT REVIEWED","NOT REVIEWED","NOT REVIEWED","UNRESOLVED","UNRESOLVED","UNRESOLVED","No frozen MPN; prerequisite electrical/mechanical contract or exact-device audit remains open.","Normal","","","","","BLOCKED","Do not source or assign a footprint from this row.","","YES","","Rev A","As-captured inventory only. CSR-01 did not freeze this item."
"08_Expansion/TP3","08_Expansion","TP3","Test","INTERNAL SDA DFT","IPC100:TEST_NODE","1","UNRESOLVED","UNRESOLVED - CSR-01 BLOCKED","INTERNAL SDA DFT","INTERNAL SDA DFT","UNRESOLVED","UNRESOLVED","Requires exact-part review","Requires exact-part review","As captured where stated; package/derating unresolved","UNRESOLVED","NOT REVIEWED","NOT REVIEWED","NOT REVIEWED","UNRESOLVED","UNRESOLVED","UNRESOLVED","No frozen MPN; prerequisite electrical/mechanical contract or exact-device audit remains open.","Normal","","","","","BLOCKED","Do not source or assign a footprint from this row.","","YES","","Rev A","As-captured inventory only. CSR-01 did not freeze this item."
"08_Expansion/TP4","08_Expansion","TP4","Test","INTERNAL SCL DFT","IPC100:TEST_NODE","1","UNRESOLVED","UNRESOLVED - CSR-01 BLOCKED","INTERNAL SCL DFT","INTERNAL SCL DFT","UNRESOLVED","UNRESOLVED","Requires exact-part review","Requires exact-part review","As captured where stated; package/derating unresolved","UNRESOLVED","NOT REVIEWED","NOT REVIEWED","NOT REVIEWED","UNRESOLVED","UNRESOLVED","UNRESOLVED","No frozen MPN; prerequisite electrical/mechanical contract or exact-device audit remains open.","Normal","","","","","BLOCKED","Do not source or assign a footprint from this row.","","YES","","Rev A","As-captured inventory only. CSR-01 did not freeze this item."
"08_Expansion/TP5","08_Expansion","TP5","Test","J10 SDA DFT","IPC100:TEST_NODE","1","UNRESOLVED","UNRESOLVED - CSR-01 BLOCKED","J10 SDA DFT","J10 SDA DFT","UNRESOLVED","UNRESOLVED","Requires exact-part review","Requires exact-part review","As captured where stated; package/derating unresolved","UNRESOLVED","NOT REVIEWED","NOT REVIEWED","NOT REVIEWED","UNRESOLVED","UNRESOLVED","UNRESOLVED","No frozen MPN; prerequisite electrical/mechanical contract or exact-device audit remains open.","Normal","","","","","BLOCKED","Do not source or assign a footprint from this row.","","YES","","Rev A","As-captured inventory only. CSR-01 did not freeze this item."
"08_Expansion/TP6","08_Expansion","TP6","Test","J10 SCL DFT","IPC100:TEST_NODE","1","UNRESOLVED","UNRESOLVED - CSR-01 BLOCKED","J10 SCL DFT","J10 SCL DFT","UNRESOLVED","UNRESOLVED","Requires exact-part review","Requires exact-part review","As captured where stated; package/derating unresolved","UNRESOLVED","NOT REVIEWED","NOT REVIEWED","NOT REVIEWED","UNRESOLVED","UNRESOLVED","UNRESOLVED","No frozen MPN; prerequisite electrical/mechanical contract or exact-device audit remains open.","Normal","","","","","BLOCKED","Do not source or assign a footprint from this row.","","YES","","Rev A","As-captured inventory only. CSR-01 did not freeze this item."
"08_Expansion/U1","08_Expansion","U1","Power","2.9 V assert / 2.7 V deassert rail qualifier; ≥5 ms valid; fail-low output","IPC100:EXPANSION_RAIL_QUALIFIER","1","UNRESOLVED","UNRESOLVED - CSR-01 BLOCKED","2.9 V assert / 2.7 V deassert rail qualifier; ≥5 ms valid; fail-low output","2.9 V assert / 2.7 V deassert rail qualifier; ≥5 ms valid; fail-low output","UNRESOLVED","UNRESOLVED","Requires exact-part review","Requires exact-part review","As captured where stated; package/derating unresolved","UNRESOLVED","NOT REVIEWED","NOT REVIEWED","NOT REVIEWED","UNRESOLVED","UNRESOLVED","UNRESOLVED","No frozen MPN; prerequisite electrical/mechanical contract or exact-device audit remains open.","Major","","","","","BLOCKED","Do not source or assign a footprint from this row.","","YES","","Rev A","As-captured inventory only. CSR-01 did not freeze this item."
"08_Expansion/U2","08_Expansion","U2","I2C","Dual-supply I2C hot-swap buffer; 100 kHz; fail-disabled; no clock stretching","IPC100:I2C_SEGMENT_BUFFER","1","UNRESOLVED","UNRESOLVED - CSR-01 BLOCKED","Dual-supply I2C hot-swap buffer; 100 kHz; fail-disabled; no clock stretching","Dual-supply I2C hot-swap buffer; 100 kHz; fail-disabled; no clock stretching","UNRESOLVED","UNRESOLVED","Requires exact-part review","Requires exact-part review","As captured where stated; package/derating unresolved","UNRESOLVED","NOT REVIEWED","NOT REVIEWED","NOT REVIEWED","UNRESOLVED","UNRESOLVED","UNRESOLVED","No frozen MPN; prerequisite electrical/mechanical contract or exact-device audit remains open.","Normal","","","","","BLOCKED","Do not source or assign a footprint from this row.","","YES","","Rev A","As-captured inventory only. CSR-01 did not freeze this item."
"09_Connectors_Test/C1","09_Connectors_Test","C1","Passives","DNP 1 nF >=1 kV shield coupling option","IPC100:C","1","UNRESOLVED","UNRESOLVED - CSR-01 BLOCKED","DNP 1 nF >=1 kV shield coupling option","DNP 1 nF >=1 kV shield coupling option","UNRESOLVED","UNRESOLVED","Requires exact-part review","Requires exact-part review","As captured where stated; package/derating unresolved","UNRESOLVED","NOT REVIEWED","NOT REVIEWED","NOT REVIEWED","UNRESOLVED","UNRESOLVED","UNRESOLVED","No frozen MPN; prerequisite electrical/mechanical contract or exact-device audit remains open.","Normal","","","","","BLOCKED","Do not source or assign a footprint from this row.","","YES","","Rev A","As-captured inventory only. CSR-01 did not freeze this item."
"09_Connectors_Test/D1","09_Connectors_Test","D1","Protection","USB2 ESD: >=5.5V, IEC 61000-4-2, <=1pF/ch, <=100nA","IPC100:USB_ESD2","1","UNRESOLVED","UNRESOLVED - CSR-01 BLOCKED","USB2 ESD: >=5.5V, IEC 61000-4-2, <=1pF/ch, <=100nA","USB2 ESD: >=5.5V, IEC 61000-4-2, <=1pF/ch, <=100nA","UNRESOLVED","UNRESOLVED","Requires exact-part review","Requires exact-part review","As captured where stated; package/derating unresolved","UNRESOLVED","NOT REVIEWED","NOT REVIEWED","NOT REVIEWED","UNRESOLVED","UNRESOLVED","UNRESOLVED","No frozen MPN; prerequisite electrical/mechanical contract or exact-device audit remains open.","Major","","","","","BLOCKED","Do not source or assign a footprint from this row.","","YES","","Rev A","As-captured inventory only. CSR-01 did not freeze this item."
"09_Connectors_Test/D2","09_Connectors_Test","D2","Protection","VBUS ESD: 5V working, IEC 61000-4-2; no PD voltage assumed","IPC100:VBUS_ESD","1","UNRESOLVED","UNRESOLVED - CSR-01 BLOCKED","VBUS ESD: 5V working, IEC 61000-4-2; no PD voltage assumed","VBUS ESD: 5V working, IEC 61000-4-2; no PD voltage assumed","UNRESOLVED","UNRESOLVED","Requires exact-part review","Requires exact-part review","As captured where stated; package/derating unresolved","UNRESOLVED","NOT REVIEWED","NOT REVIEWED","NOT REVIEWED","UNRESOLVED","UNRESOLVED","UNRESOLVED","No frozen MPN; prerequisite electrical/mechanical contract or exact-device audit remains open.","Major","","","","","BLOCKED","Do not source or assign a footprint from this row.","","YES","","Rev A","As-captured inventory only. CSR-01 did not freeze this item."
"09_Connectors_Test/DFT1","09_Connectors_Test","DFT1","Test","T1 factory pogo logical boundary; not populated","IPC100:CONN6","1","UNRESOLVED","UNRESOLVED - CSR-01 BLOCKED","T1 factory pogo logical boundary; not populated","T1 factory pogo logical boundary; not populated","UNRESOLVED","UNRESOLVED","Requires exact-part review","Requires exact-part review","As captured where stated; package/derating unresolved","UNRESOLVED","NOT REVIEWED","NOT REVIEWED","NOT REVIEWED","UNRESOLVED","UNRESOLVED","UNRESOLVED","No frozen MPN; prerequisite electrical/mechanical contract or exact-device audit remains open.","Normal","","","","","BLOCKED","Do not source or assign a footprint from this row.","","YES","","Rev A","As-captured inventory only. CSR-01 did not freeze this item."
"09_Connectors_Test/J1","09_Connectors_Test","J1","Connectors","P1/H01 controller input","IPC100:CONN2","1","UNRESOLVED","UNRESOLVED - CSR-01 BLOCKED","P1/H01 controller input","P1/H01 controller input","UNRESOLVED","UNRESOLVED","Requires exact-part review","Requires exact-part review","As captured where stated; package/derating unresolved","UNRESOLVED","NOT REVIEWED","NOT REVIEWED","NOT REVIEWED","UNRESOLVED","UNRESOLVED","UNRESOLVED","No frozen MPN; prerequisite electrical/mechanical contract or exact-device audit remains open.","Major","","","","","BLOCKED","Do not source or assign a footprint from this row.","","YES","","Rev A","As-captured inventory only. CSR-01 did not freeze this item."
"09_Connectors_Test/J10","09_Connectors_Test","J10","Connectors","D1/H10 ICD-001 optional DNP; no live mate","IPC100:CONN4","1","UNRESOLVED","UNRESOLVED - CSR-01 BLOCKED","D1/H10 ICD-001 optional DNP; no live mate","D1/H10 ICD-001 optional DNP; no live mate","UNRESOLVED","UNRESOLVED","Requires exact-part review","Requires exact-part review","As captured where stated; package/derating unresolved","UNRESOLVED","NOT REVIEWED","NOT REVIEWED","NOT REVIEWED","UNRESOLVED","UNRESOLVED","UNRESOLVED","No frozen MPN; prerequisite electrical/mechanical contract or exact-device audit remains open.","Major","","","","","BLOCKED","Do not source or assign a footprint from this row.","","YES","","Rev A","As-captured inventory only. CSR-01 did not freeze this item."
"09_Connectors_Test/J13","09_Connectors_Test","J13","Connectors","U1/H13 USB2 device-UFP; full 24 contacts + shell","IPC100:USB_C_UFP_FULL","1","UNRESOLVED","UNRESOLVED - CSR-01 BLOCKED","U1/H13 USB2 device-UFP; full 24 contacts + shell","U1/H13 USB2 device-UFP; full 24 contacts + shell","UNRESOLVED","UNRESOLVED","Requires exact-part review","Requires exact-part review","As captured where stated; package/derating unresolved","UNRESOLVED","NOT REVIEWED","NOT REVIEWED","NOT REVIEWED","UNRESOLVED","UNRESOLVED","UNRESOLVED","No frozen MPN; prerequisite electrical/mechanical contract or exact-device audit remains open.","Major","","","","","BLOCKED","Do not source or assign a footprint from this row.","","YES","","Rev A","As-captured inventory only. CSR-01 did not freeze this item."
"09_Connectors_Test/J2","09_Connectors_Test","J2","Connectors","M1/H02 Axis 1 logic","IPC100:CONN6","1","UNRESOLVED","UNRESOLVED - CSR-01 BLOCKED","M1/H02 Axis 1 logic","M1/H02 Axis 1 logic","UNRESOLVED","UNRESOLVED","Requires exact-part review","Requires exact-part review","As captured where stated; package/derating unresolved","UNRESOLVED","NOT REVIEWED","NOT REVIEWED","NOT REVIEWED","UNRESOLVED","UNRESOLVED","UNRESOLVED","No frozen MPN; prerequisite electrical/mechanical contract or exact-device audit remains open.","Major","","","","","BLOCKED","Do not source or assign a footprint from this row.","","YES","","Rev A","As-captured inventory only. CSR-01 did not freeze this item."
"09_Connectors_Test/J3","09_Connectors_Test","J3","Connectors","M1/H03 Axis 2 logic","IPC100:CONN6","1","UNRESOLVED","UNRESOLVED - CSR-01 BLOCKED","M1/H03 Axis 2 logic","M1/H03 Axis 2 logic","UNRESOLVED","UNRESOLVED","Requires exact-part review","Requires exact-part review","As captured where stated; package/derating unresolved","UNRESOLVED","NOT REVIEWED","NOT REVIEWED","NOT REVIEWED","UNRESOLVED","UNRESOLVED","UNRESOLVED","No frozen MPN; prerequisite electrical/mechanical contract or exact-device audit remains open.","Major","","","","","BLOCKED","Do not source or assign a footprint from this row.","","YES","","Rev A","As-captured inventory only. CSR-01 did not freeze this item."
"09_Connectors_Test/J4","09_Connectors_Test","J4","Connectors","S1/H04 LEFT-RIGHT limits","IPC100:CONN4","1","UNRESOLVED","UNRESOLVED - CSR-01 BLOCKED","S1/H04 LEFT-RIGHT limits","S1/H04 LEFT-RIGHT limits","UNRESOLVED","UNRESOLVED","Requires exact-part review","Requires exact-part review","As captured where stated; package/derating unresolved","UNRESOLVED","NOT REVIEWED","NOT REVIEWED","NOT REVIEWED","UNRESOLVED","UNRESOLVED","UNRESOLVED","No frozen MPN; prerequisite electrical/mechanical contract or exact-device audit remains open.","Major","","","","","BLOCKED","Do not source or assign a footprint from this row.","","YES","","Rev A","As-captured inventory only. CSR-01 did not freeze this item."
"09_Connectors_Test/J5","09_Connectors_Test","J5","Connectors","S1/H05 UP-DOWN limits","IPC100:CONN4","1","UNRESOLVED","UNRESOLVED - CSR-01 BLOCKED","S1/H05 UP-DOWN limits","S1/H05 UP-DOWN limits","UNRESOLVED","UNRESOLVED","Requires exact-part review","Requires exact-part review","As captured where stated; package/derating unresolved","UNRESOLVED","NOT REVIEWED","NOT REVIEWED","NOT REVIEWED","UNRESOLVED","UNRESOLVED","UNRESOLVED","No frozen MPN; prerequisite electrical/mechanical contract or exact-device audit remains open.","Major","","","","","BLOCKED","Do not source or assign a footprint from this row.","","YES","","Rev A","As-captured inventory only. CSR-01 did not freeze this item."
"09_Connectors_Test/J6","09_Connectors_Test","J6","Connectors","D1/H06 OLED; 0.20m; no live mate","IPC100:CONN5","1","UNRESOLVED","UNRESOLVED - CSR-01 BLOCKED","D1/H06 OLED; 0.20m; no live mate","D1/H06 OLED; 0.20m; no live mate","UNRESOLVED","UNRESOLVED","Requires exact-part review","Requires exact-part review","As captured where stated; package/derating unresolved","UNRESOLVED","NOT REVIEWED","NOT REVIEWED","NOT REVIEWED","UNRESOLVED","UNRESOLVED","UNRESOLVED","No frozen MPN; prerequisite electrical/mechanical contract or exact-device audit remains open.","Major","","","","","BLOCKED","Do not source or assign a footprint from this row.","","YES","","Rev A","As-captured inventory only. CSR-01 did not freeze this item."
"09_Connectors_Test/J7","09_Connectors_Test","J7","Connectors","D1/H07 BME280; 0.20m; no live mate","IPC100:CONN4","1","UNRESOLVED","UNRESOLVED - CSR-01 BLOCKED","D1/H07 BME280; 0.20m; no live mate","D1/H07 BME280; 0.20m; no live mate","UNRESOLVED","UNRESOLVED","Requires exact-part review","Requires exact-part review","As captured where stated; package/derating unresolved","UNRESOLVED","NOT REVIEWED","NOT REVIEWED","NOT REVIEWED","UNRESOLVED","UNRESOLVED","UNRESOLVED","No frozen MPN; prerequisite electrical/mechanical contract or exact-device audit remains open.","Major","","","","","BLOCKED","Do not source or assign a footprint from this row.","","YES","","Rev A","As-captured inventory only. CSR-01 did not freeze this item."
"09_Connectors_Test/J8A","09_Connectors_Test","J8A","Connectors","S1/H08A dedicated STOP; unique key","IPC100:CONN2","1","UNRESOLVED","UNRESOLVED - CSR-01 BLOCKED","S1/H08A dedicated STOP; unique key","S1/H08A dedicated STOP; unique key","UNRESOLVED","UNRESOLVED","Requires exact-part review","Requires exact-part review","As captured where stated; package/derating unresolved","UNRESOLVED","NOT REVIEWED","NOT REVIEWED","NOT REVIEWED","UNRESOLVED","UNRESOLVED","UNRESOLVED","No frozen MPN; prerequisite electrical/mechanical contract or exact-device audit remains open.","Major","","","","","BLOCKED","Do not source or assign a footprint from this row.","","YES","","Rev A","As-captured inventory only. CSR-01 did not freeze this item."
"09_Connectors_Test/J8B","09_Connectors_Test","J8B","Connectors","L1/H08B ordinary UI; incompatible with J8A","IPC100:CONN12","1","UNRESOLVED","UNRESOLVED - CSR-01 BLOCKED","L1/H08B ordinary UI; incompatible with J8A","L1/H08B ordinary UI; incompatible with J8A","UNRESOLVED","UNRESOLVED","Requires exact-part review","Requires exact-part review","As captured where stated; package/derating unresolved","UNRESOLVED","NOT REVIEWED","NOT REVIEWED","NOT REVIEWED","UNRESOLVED","UNRESOLVED","UNRESOLVED","No frozen MPN; prerequisite electrical/mechanical contract or exact-device audit remains open.","Major","","","","","BLOCKED","Do not source or assign a footprint from this row.","","YES","","Rev A","As-captured inventory only. CSR-01 did not freeze this item."
"09_Connectors_Test/J9","09_Connectors_Test","J9","Connectors","R1/H09 SELV dry contact; 0-30VDC 1A","IPC100:CONN3","1","UNRESOLVED","UNRESOLVED - CSR-01 BLOCKED","R1/H09 SELV dry contact; 0-30VDC 1A","R1/H09 SELV dry contact; 0-30VDC 1A","UNRESOLVED","UNRESOLVED","Requires exact-part review","Requires exact-part review","As captured where stated; package/derating unresolved","UNRESOLVED","NOT REVIEWED","NOT REVIEWED","NOT REVIEWED","UNRESOLVED","UNRESOLVED","UNRESOLVED","No frozen MPN; prerequisite electrical/mechanical contract or exact-device audit remains open.","Major","","","","","BLOCKED","Do not source or assign a footprint from this row.","","YES","","Rev A","As-captured inventory only. CSR-01 did not freeze this item."
"09_Connectors_Test/R1","09_Connectors_Test","R1","Passives","5.1 kΩ ±1% CC1 Rd","IPC100:R","1","UNRESOLVED","UNRESOLVED - CSR-01 BLOCKED","5.1 kΩ ±1% CC1 Rd","5.1 kΩ ±1% CC1 Rd","UNRESOLVED","UNRESOLVED","Requires exact-part review","Requires exact-part review","As captured where stated; package/derating unresolved","UNRESOLVED","NOT REVIEWED","NOT REVIEWED","NOT REVIEWED","UNRESOLVED","UNRESOLVED","UNRESOLVED","No frozen MPN; prerequisite electrical/mechanical contract or exact-device audit remains open.","Normal","","","","","BLOCKED","Do not source or assign a footprint from this row.","","YES","","Rev A","As-captured inventory only. CSR-01 did not freeze this item."
"09_Connectors_Test/R2","09_Connectors_Test","R2","Passives","5.1 kΩ ±1% CC2 Rd","IPC100:R","1","UNRESOLVED","UNRESOLVED - CSR-01 BLOCKED","5.1 kΩ ±1% CC2 Rd","5.1 kΩ ±1% CC2 Rd","UNRESOLVED","UNRESOLVED","Requires exact-part review","Requires exact-part review","As captured where stated; package/derating unresolved","UNRESOLVED","NOT REVIEWED","NOT REVIEWED","NOT REVIEWED","UNRESOLVED","UNRESOLVED","UNRESOLVED","No frozen MPN; prerequisite electrical/mechanical contract or exact-device audit remains open.","Normal","","","","","BLOCKED","Do not source or assign a footprint from this row.","","YES","","Rev A","As-captured inventory only. CSR-01 did not freeze this item."
"09_Connectors_Test/R3","09_Connectors_Test","R3","Passives","DNP 1 MOhm shield bleed option","IPC100:R","1","UNRESOLVED","UNRESOLVED - CSR-01 BLOCKED","DNP 1 MOhm shield bleed option","DNP 1 MOhm shield bleed option","UNRESOLVED","UNRESOLVED","Requires exact-part review","Requires exact-part review","As captured where stated; package/derating unresolved","UNRESOLVED","NOT REVIEWED","NOT REVIEWED","NOT REVIEWED","UNRESOLVED","UNRESOLVED","UNRESOLVED","No frozen MPN; prerequisite electrical/mechanical contract or exact-device audit remains open.","Normal","","","","","BLOCKED","Do not source or assign a footprint from this row.","","YES","","Rev A","As-captured inventory only. CSR-01 did not freeze this item."
